"ID_Player","Sex","Age","ID_Number","Status_Start","Status_End","ID_Call","Gain","Score","BestTotem","Knowledge","Ancestor","ID_Group","Date"
"100","Male",19,2,1,1,100,15,720,450,NA,0,"G_2/20/2017 10:51:56 AM",NA
"101","Male",19,1,0,0,101,10,105,0,NA,1,"G_2/20/2017 10:52:52 AM",NA
"102","Male",19,1,1,1,102,15,1250,920,NA,0,"G_2/20/2017 12:30:13 PM",NA
"103","Male",19,2,1,1,103,15,1250,920,NA,0,"G_2/20/2017 12:30:13 PM",NA
"104","Female",21,1,1,1,104,12,45,0,NA,0,"G_2/20/2017 2:45:25 PM",NA
"105","Female",19,2,1,1,105,18,90,0,NA,0,"G_2/20/2017 2:45:25 PM",NA
"106","Female",18,2,0,0,106,10,105,0,NA,2,"G_2/20/2017 10:52:52 AM",NA
"107","Male",18,1,0,0,107,10,90,0,NA,1,"G_2/20/2017 2:51:15 PM",NA
"108","Male",18,1,1,1,108,15,120,0,NA,0,"G_2/20/2017 3:18:11 PM",NA
"109","Female",21,2,0,0,109,10,105,0,NA,2,"G_2/20/2017 2:51:15 PM",NA
"110","Female",18,2,1,1,110,15,120,0,NA,0,"G_2/20/2017 3:18:11 PM",NA
"111","Female",20,1,0,0,111,5,45,0,NA,1,"G_2/20/2017 3:33:10 PM",NA
"112","Female",20,1,1,1,112,15,90,0,NA,0,"G_2/20/2017 4:03:21 PM",NA
"113","Male",19,2,0,0,113,10,120,0,NA,2,"G_2/20/2017 3:33:10 PM",NA
"114","Male",19,2,1,1,114,15,90,0,NA,0,"G_2/20/2017 4:03:21 PM",NA
"115","Male",19,1,1,1,115,15,180,0,NA,0,"G_2/23/2017 11:06:28 AM",NA
"116","Female",18,2,1,1,116,15,165,0,NA,0,"G_2/23/2017 11:06:28 AM",NA
"117","Male",19,1,0,0,117,10,105,0,NA,1,"G_2/23/2017 11:07:29 AM",NA
"118","Male",19,2,0,0,118,10,120,0,NA,2,"G_2/23/2017 11:07:29 AM",NA
"119","Male",18,1,0,0,119,10,105,0,NA,1,"G_2/24/2017 12:28:20 PM",NA
"12","Female",20,1,1,1,12,15,715,460,NA,0,"G_1/25/2017 12:57:19 PM",NA
"120","Female",19,2,0,0,120,15,405,150,NA,2,"G_2/24/2017 12:28:20 PM",NA
"121","Male",18,1,0,0,121,15,230,50,NA,1,"G_2/24/2017 2:15:12 PM",NA
"124","Female",19,2,0,0,124,15,700,460,NA,2,"G_2/24/2017 2:15:12 PM",NA
"125","Female",19,1,0,0,125,5,75,0,NA,1,"G_3/1/2017 2:05:45 PM",NA
"126","Female",19,2,0,0,126,10,120,0,NA,2,"G_3/1/2017 2:05:45 PM",NA
"128","Male",19,1,0,0,128,15,345,150,NA,1,"G_3/1/2017 2:59:50 PM",NA
"13","Male",19,2,1,1,13,15,715,460,NA,0,"G_1/25/2017 12:57:19 PM",NA
"130","Female",19,1,0,0,130,5,60,0,NA,1,"G_3/1/2017 3:02:46 PM",NA
"132","Female",18,2,0,0,132,15,657,402,NA,2,"G_3/1/2017 3:02:46 PM",NA
"135","Female",21,1,0,0,135,5,45,0,NA,1,"G_3/10/2017 1:56:15 PM",NA
"137","Male",19,1,0,0,137,10,135,0,NA,1,"G_3/10/2017 2:07:03 PM",NA
"139","Male",20,1,0,0,139,15,715,460,NA,1,"G_3/10/2017 3:08:00 PM",NA
"14","Female",20,1,0,0,14,10,105,0,NA,1,"G_1/25/2017 12:59:48 PM",NA
"147","Male",18,1,0,0,147,10,90,0,NA,1,"G_3/13/2017 2:03:15 PM","3/13/2017 2:05:11 PM"
"148","Female",19,2,0,0,148,10,90,0,NA,2,"G_3/13/2017 2:03:15 PM","3/13/2017 4:04:19 PM"
"149","Female",18,1,0,0,149,10,135,0,NA,1,"G_3/14/2017 1:30:38 PM","3/14/2017 1:32:44 PM"
"15","Female",19,1,1,1,15,15,120,0,NA,0,"G_1/25/2017 1:32:16 PM",NA
"150","Female",19,2,0,0,150,10,135,0,NA,2,"G_3/14/2017 1:30:38 PM","3/14/2017 2:26:17 PM"
"151","Female",19,1,1,1,151,15,135,0,NA,0,"G_3/16/2017 11:01:43 AM","3/16/2017 11:04:21 AM"
"152","Female",18,2,1,1,152,15,135,0,NA,0,"G_3/16/2017 11:01:43 AM","3/16/2017 11:04:25 AM"
"153","Male",18,1,0,0,153,10,90,0,NA,1,"G_3/16/2017 11:02:26 AM","3/16/2017 11:04:19 AM"
"154","Male",19,1,0,0,154,10,90,0,NA,1,"G_3/16/2017 11:17:13 AM","3/16/2017 11:17:40 AM"
"155","Female",22,2,0,0,155,10,105,0,NA,2,"G_2/10/2017 12:17:24 PM","3/27/2017 10:58:29 AM"
"156","Female",18,1,0,0,156,5,75,0,NA,1,"G_3/29/2017 1:19:22 PM","3/29/2017 1:23:32 PM"
"157","0",0,1,0,0,157,NA,NA,NA,NA,1,"G_3/31/2017 1:34:59 PM",NA
"158","Male",19,2,1,0,158,NA,NA,NA,NA,2,"G_3/31/2017 1:34:59 PM","3/31/2017 1:39:23 PM"
"159","Male",18,2,0,0,159,10,90,0,NA,2,"G_2/10/2017 2:19:07 PM","3/31/2017 1:39:19 PM"
"16","Male",19,2,1,1,16,15,120,0,NA,0,"G_1/25/2017 1:32:16 PM",NA
"160","Female",19,1,1,0,160,NA,NA,NA,NA,1,"G_3/31/2017 1:36:46 PM","3/31/2017 1:39:21 PM"
"161","Male",19,2,1,1,161,NA,45,0,NA,2,"G_3/31/2017 1:36:46 PM","3/31/2017 1:43:39 PM"
"162","Female",19,1,1,0,162,NA,NA,NA,NA,1,"G_3/31/2017 1:43:27 PM","3/31/2017 1:43:33 PM"
"163","Female",19,2,1,1,163,NA,75,0,NA,2,"G_3/31/2017 1:43:27 PM","3/31/2017 1:45:51 PM"
"164","0",0,1,0,0,164,NA,NA,NA,NA,1,"G_3/31/2017 2:16:07 PM",NA
"165","Female",18,1,1,1,165,18,30,0,NA,1,"G_3/31/2017 2:16:22 PM","3/31/2017 2:16:30 PM"
"166","Male",18,2,1,1,166,12,15,0,NA,2,"G_3/31/2017 2:16:22 PM","3/31/2017 2:17:14 PM"
"167","Male",18,2,0,0,167,5,30,0,NA,2,"G_2/10/2017 3:14:36 PM","3/31/2017 2:30:47 PM"
"168","0",0,2,0,0,168,NA,NA,NA,NA,2,"G_2/14/2017 1:24:14 PM",NA
"169","Male",18,1,1,1,169,5,NA,NA,NA,1,"G_3/31/2017 2:21:50 PM","3/31/2017 2:21:54 PM"
"17","Female",18,2,0,0,17,10,135,0,NA,2,"G_1/25/2017 12:59:48 PM",NA
"170","Female",21,2,1,1,170,25,15,0,NA,2,"G_3/31/2017 2:21:50 PM","3/31/2017 2:22:14 PM"
"171","Female",18,2,0,0,171,10,120,0,NA,2,"G_2/14/2017 1:28:03 PM","3/31/2017 2:30:25 PM"
"172","Male",18,2,0,0,172,5,60,0,NA,2,"G_2/15/2017 1:14:54 PM","3/31/2017 2:30:38 PM"
"173","Female",19,2,0,0,173,15,340,100,NA,2,"G_2/15/2017 1:20:00 PM","3/31/2017 2:30:40 PM"
"174","Male",18,1,1,1,174,15,120,0,NA,1,"G_4/3/2017 10:56:47 AM","4/3/2017 11:00:23 AM"
"175","Female",19,2,1,1,175,15,120,0,NA,2,"G_4/3/2017 10:56:47 AM","4/3/2017 11:00:25 AM"
"176","Female",18,1,1,1,176,15,135,0,NA,1,"G_4/3/2017 12:22:48 PM","4/3/2017 12:25:47 PM"
"177","Female",18,2,1,1,177,15,135,0,NA,2,"G_4/3/2017 12:22:48 PM","4/3/2017 12:25:58 PM"
"178","Male",18,2,0,0,178,5,75,0,NA,2,"G_2/16/2017 2:15:13 PM","4/4/2017 9:56:34 AM"
"179","Male",18,1,1,1,179,15,120,0,NA,1,"G_4/4/2017 11:24:16 AM","4/4/2017 11:24:34 AM"
"18","Female",19,1,0,0,18,15,215,50,NA,1,"G_1/25/2017 1:34:29 PM",NA
"180","Female",18,2,1,1,180,15,120,0,NA,2,"G_4/4/2017 11:24:16 AM","4/4/2017 11:24:40 AM"
"181","Male",19,1,0,0,181,15,510,300,NA,1,"G_4/5/2017 1:26:59 PM","4/5/2017 1:28:28 PM"
"182","Male",18,1,0,0,182,10,120,0,NA,1,"G_4/5/2017 1:31:00 PM","4/5/2017 1:32:12 PM"
"183","Male",19,1,0,0,183,10,120,0,NA,1,"G_4/5/2017 2:30:50 PM","4/5/2017 2:32:32 PM"
"184","Male",19,1,0,0,184,10,180,0,NA,1,"G_4/7/2017 1:34:23 PM","4/7/2017 1:36:00 PM"
"185","Male",19,1,0,0,185,5,45,0,NA,1,"G_4/7/2017 2:39:55 PM","4/7/2017 2:40:16 PM"
"187","Male",18,1,0,0,187,10,135,0,NA,1,"G_4/12/2017 1:23:26 PM","4/12/2017 1:25:04 PM"
"188","Female",21,1,0,0,188,5,60,0,NA,1,"G_4/12/2017 1:27:58 PM","4/12/2017 1:28:25 PM"
"189","Female",20,1,0,0,189,10,120,0,NA,1,"G_4/12/2017 1:29:40 PM","4/12/2017 1:32:42 PM"
"19","Female",18,1,0,0,19,20,1250,920,NA,0,"G_1/25/2017 2:19:50 PM",NA
"190","Female",19,1,0,0,190,10,105,0,NA,1,"G_4/12/2017 2:23:05 PM","4/12/2017 2:25:51 PM"
"191","Female",18,1,0,0,191,5,30,0,NA,1,"G_4/12/2017 2:23:16 PM","4/12/2017 2:26:16 PM"
"192","Female",19,1,0,0,192,10,120,0,NA,1,"G_4/12/2017 2:29:39 PM","4/12/2017 2:30:08 PM"
"193","Female",19,1,0,0,193,10,135,0,NA,1,"G_4/13/2017 11:06:25 AM","4/13/2017 11:06:43 AM"
"194","Female",20,2,0,0,194,20,1199,884,NA,2,"G_3/1/2017 2:59:50 PM","4/14/2017 12:59:20 PM"
"195","Female",20,2,0,0,195,15,360,150,NA,2,"G_3/10/2017 1:56:15 PM","4/14/2017 1:02:20 PM"
"196","Female",19,2,0,0,196,10,135,0,NA,2,"G_3/10/2017 2:07:03 PM","4/14/2017 1:03:12 PM"
"197","Female",18,2,0,0,197,15,715,460,NA,2,"G_3/10/2017 3:08:00 PM","4/14/2017 2:42:36 PM"
"198","Male",19,2,0,0,198,10,120,0,NA,2,"G_3/16/2017 11:02:26 AM","4/14/2017 3:33:59 PM"
"199","Male",19,2,0,0,199,10,105,0,NA,2,"G_3/16/2017 11:17:13 AM","4/18/2017 2:08:16 PM"
"20","Female",19,1,0,0,20,10,120,0,NA,0,"G_1/25/2017 2:24:19 PM",NA
"200","Female",21,2,0,0,200,10,135,0,NA,2,"G_2/7/2017 11:12:50 AM","4/21/2017 1:33:10 PM"
"201","Male",19,1,0,0,201,NA,45,0,NA,1,"G_4/21/2017 2:27:35 PM","4/21/2017 2:29:34 PM"
"202","0",0,1,0,0,202,NA,NA,NA,NA,1,"G_4/21/2017 3:20:43 PM",NA
"203","Female",19,3,0,0,203,10,105,0,NA,3,"G_2/10/2017 12:17:24 PM","4/21/2017 3:23:22 PM"
"204","Female",19,1,1,1,204,15,120,0,NA,1,"G_4/24/2017 2:03:49 PM","4/24/2017 2:03:59 PM"
"205","Male",18,2,1,1,205,15,120,0,NA,2,"G_4/24/2017 2:03:49 PM","4/24/2017 2:06:47 PM"
"206","Male",19,3,0,0,206,10,90,0,NA,3,"G_2/10/2017 2:19:07 PM","4/24/2017 2:52:51 PM"
"207","Female",18,3,0,0,207,5,60,0,NA,3,"G_2/10/2017 3:14:36 PM","4/25/2017 10:59:54 AM"
"208","Female",18,3,0,0,208,10,120,0,NA,3,"G_2/14/2017 1:28:03 PM","4/25/2017 2:47:56 PM"
"209","Male",19,3,0,0,209,10,135,0,NA,3,"G_2/15/2017 1:14:54 PM","4/27/2017 11:03:07 AM"
"21","Female",21,1,0,0,21,10,120,0,NA,0,"G_1/25/2017 2:25:17 PM",NA
"210","Female",19,3,0,0,210,15,702,402,NA,3,"G_2/15/2017 1:20:00 PM","4/27/2017 11:05:03 AM"
"211","Male",18,1,1,1,211,15,75,0,NA,1,"G_4/28/2017 10:40:05 AM","4/28/2017 10:44:22 AM"
"212","Female",19,2,1,1,212,15,75,0,NA,2,"G_4/28/2017 10:40:05 AM","4/28/2017 10:45:02 AM"
"213","Male",20,3,0,0,213,10,105,0,NA,3,"G_2/16/2017 2:15:13 PM","4/28/2017 12:02:20 PM"
"214","Female",19,3,0,0,214,10,135,0,NA,3,"G_2/7/2017 11:12:50 AM","5/1/2017 11:42:15 AM"
"215","Male",19,3,0,0,215,20,1199,884,NA,3,"G_3/1/2017 2:59:50 PM","5/1/2017 12:29:00 PM"
"216","Female",20,3,0,0,216,10,210,0,NA,3,"G_3/10/2017 1:56:15 PM","5/1/2017 2:09:52 PM"
"217","Male",18,3,0,0,217,10,135,0,NA,3,"G_3/10/2017 2:07:03 PM","5/1/2017 2:47:43 PM"
"218","Female",19,1,1,1,218,15,215,50,NA,1,"G_5/1/2017 2:45:41 PM","5/1/2017 2:48:30 PM"
"219","Female",19,2,1,1,219,15,210,0,NA,2,"G_5/1/2017 2:45:41 PM","5/1/2017 2:45:46 PM"
"22","Male",30,1,0,0,22,20,1110,810,NA,0,"G_1/25/2017 2:27:30 PM",NA
"220","Male",19,1,1,1,220,15,120,0,NA,1,"G_5/2/2017 11:11:19 AM","5/2/2017 11:14:42 AM"
"221","Female",19,2,1,1,221,15,120,0,NA,2,"G_5/2/2017 11:11:19 AM","5/2/2017 11:13:04 AM"
"222","Male",19,3,0,0,222,15,720,450,NA,3,"G_3/10/2017 3:08:00 PM","5/3/2017 11:05:55 AM"
"223","Male",18,3,0,0,223,10,135,0,NA,3,"G_3/16/2017 11:02:26 AM","5/3/2017 1:05:26 PM"
"224","Male",19,3,0,0,224,15,375,150,NA,3,"G_3/16/2017 11:17:13 AM","5/3/2017 2:35:48 PM"
"225","Male",26,1,0,0,225,25,1470,1110,NA,1,"G_5/3/2017 2:44:10 PM","5/3/2017 2:44:21 PM"
"226","Male",26,0,0,0,226,25,7438,6838,NA,2,"G_5/3/2017 2:44:10 PM","5/3/2017 2:49:59 PM"
"227","Female",19,1,1,1,227,13,75,0,NA,1,"G_5/3/2017 3:15:32 PM","5/3/2017 3:18:43 PM"
"228","Male",19,2,1,1,228,17,105,0,NA,2,"G_5/3/2017 3:15:32 PM","5/3/2017 3:17:37 PM"
"229","Male",26,0,0,0,229,25,2449,2104,NA,3,"G_5/3/2017 2:44:10 PM","5/3/2017 3:23:45 PM"
"230","Male",26,0,0,0,230,20,1088,728,NA,4,"G_5/3/2017 2:44:10 PM","5/3/2017 3:29:21 PM"
"231","Female",18,1,1,1,231,15,135,0,NA,1,"G_5/3/2017 3:58:34 PM","5/3/2017 4:00:27 PM"
"232","Female",19,2,1,1,232,15,135,0,NA,2,"G_5/3/2017 3:58:34 PM","5/3/2017 3:58:43 PM"
"233","Female",18,3,1,1,233,15,135,0,NA,3,"G_5/3/2017 3:58:34 PM","5/3/2017 4:01:34 PM"
"234","Male",19,4,1,1,234,15,135,0,NA,4,"G_5/3/2017 3:58:34 PM","5/3/2017 3:58:46 PM"
"235","Female",18,4,0,0,235,10,120,0,NA,4,"G_2/10/2017 12:17:24 PM","5/3/2017 4:48:36 PM"
"236","Male",19,4,0,0,236,10,120,0,NA,4,"G_2/10/2017 2:19:07 PM","5/4/2017 9:10:03 AM"
"237","Female",19,1,1,1,237,15,135,0,NA,1,"G_5/4/2017 11:00:50 AM","5/4/2017 11:02:32 AM"
"238","Female",19,2,1,1,238,15,135,0,NA,2,"G_5/4/2017 11:00:50 AM","5/4/2017 11:03:24 AM"
"239","Male",19,4,0,0,239,10,120,0,NA,4,"G_2/10/2017 3:14:36 PM","5/4/2017 11:00:49 AM"
"240","Male",19,4,0,0,240,10,120,0,NA,4,"G_2/14/2017 1:28:03 PM","5/4/2017 11:16:25 AM"
"241","Male",80,1,0,0,241,15,611,356,NA,1,"G_9/10/2017 2:00:34 PM","9/10/2017 2:00:39 PM"
"242","Male",18,1,1,1,242,16,715,460,NA,1,"G_9/12/2017 2:28:16 PM","9/12/2017 2:31:04 PM"
"243","Male",19,2,1,1,243,13,555,300,NA,2,"G_9/12/2017 2:28:16 PM","9/12/2017 2:29:20 PM"
"244","Female",21,3,1,1,244,15,700,460,NA,3,"G_9/12/2017 2:28:16 PM","9/12/2017 2:30:59 PM"
"245","Female",18,4,1,1,245,15,700,460,NA,4,"G_9/12/2017 2:28:16 PM","9/12/2017 2:30:55 PM"
"246","Male",19,1,1,1,246,15,135,0,NA,1,"G_9/12/2017 3:17:06 PM","9/12/2017 3:21:13 PM"
"247","Male",18,2,1,1,247,15,135,0,NA,2,"G_9/12/2017 3:17:06 PM","9/12/2017 3:21:21 PM"
"248","Female",21,1,1,1,248,15,120,0,NA,1,"G_9/13/2017 11:57:59 AM","9/13/2017 11:58:29 AM"
"249","Male",18,2,1,1,249,15,120,0,NA,2,"G_9/13/2017 11:57:59 AM","9/13/2017 12:00:45 PM"
"25","Female",18,1,1,1,25,15,120,0,NA,0,"G_1/30/2017 11:28:47 AM",NA
"250","Male",19,3,1,1,250,15,120,0,NA,3,"G_9/13/2017 11:57:59 AM","9/13/2017 11:58:56 AM"
"251","Female",18,4,1,1,251,15,120,0,NA,4,"G_9/13/2017 11:57:59 AM","9/13/2017 12:00:52 PM"
"252","Male",20,1,1,1,252,14,180,0,NA,1,"G_9/13/2017 12:47:13 PM","9/13/2017 12:48:36 PM"
"253","Male",18,2,1,1,253,16,230,50,NA,2,"G_9/13/2017 12:47:13 PM","9/13/2017 12:49:09 PM"
"254","Male",18,4,0,0,254,15,375,150,NA,4,"G_2/15/2017 1:14:54 PM","9/13/2017 12:47:53 PM"
"255","Male",18,1,1,1,255,14,585,300,NA,1,"G_9/14/2017 12:21:39 PM","9/14/2017 12:22:42 PM"
"256","Female",18,2,1,1,256,9,290,50,NA,2,"G_9/14/2017 12:21:39 PM","9/14/2017 12:24:51 PM"
"257","Male",18,3,1,1,257,16,745,460,NA,3,"G_9/14/2017 12:21:39 PM","9/14/2017 12:24:54 PM"
"258","Female",18,4,1,1,258,21,1051,736,NA,4,"G_9/14/2017 12:21:39 PM","9/14/2017 12:24:46 PM"
"259","Female",18,1,1,1,259,17,345,150,NA,1,"G_9/14/2017 2:41:45 PM","9/14/2017 2:42:30 PM"
"26","Female",19,2,1,1,26,15,120,0,NA,0,"G_1/30/2017 11:28:47 AM",NA
"260","Female",19,4,0,0,260,15,730,460,NA,4,"G_2/15/2017 1:20:00 PM","9/14/2017 2:42:34 PM"
"261","Male",18,2,1,1,261,13,245,50,NA,2,"G_9/14/2017 2:41:45 PM","9/14/2017 2:42:08 PM"
"262","Female",18,4,0,0,262,10,135,0,NA,4,"G_2/16/2017 2:15:13 PM","9/14/2017 2:44:20 PM"
"263","Female",19,1,0,0,263,10,120,0,NA,1,"G_9/15/2017 10:56:59 AM","9/15/2017 11:00:09 AM"
"264","Female",18,1,0,0,264,5,45,0,NA,1,"G_9/15/2017 10:57:04 AM","9/15/2017 10:59:44 AM"
"265","Female",19,1,0,0,265,5,75,0,NA,1,"G_9/15/2017 11:01:38 AM","9/15/2017 11:04:34 AM"
"266","Female",18,1,0,0,266,5,45,0,NA,1,"G_9/15/2017 12:02:24 PM","9/15/2017 12:02:51 PM"
"267","Female",18,1,0,0,267,10,120,0,NA,1,"G_9/15/2017 12:02:28 PM","9/15/2017 12:03:54 PM"
"268","Female",19,1,0,0,268,10,135,0,NA,1,"G_9/15/2017 12:02:35 PM","9/15/2017 12:02:51 PM"
"269","Female",18,1,1,1,269,15,60,0,NA,1,"G_9/15/2017 1:02:33 PM","9/15/2017 1:03:07 PM"
"27","Female",18,2,0,0,27,15,510,300,NA,2,"G_1/25/2017 1:34:29 PM",NA
"270","Female",20,2,1,1,270,15,60,0,NA,2,"G_9/15/2017 1:02:33 PM","9/15/2017 1:04:43 PM"
"271","Female",18,4,0,0,271,5,45,0,NA,4,"G_2/7/2017 11:12:50 AM","9/15/2017 1:04:51 PM"
"272","Male",19,4,0,0,272,20,1238,908,NA,4,"G_3/1/2017 2:59:50 PM","9/15/2017 1:06:32 PM"
"273","Male",19,1,1,1,273,15,120,0,NA,1,"G_9/15/2017 1:46:50 PM","9/15/2017 1:47:47 PM"
"274","Male",19,2,1,1,274,15,120,0,NA,2,"G_9/15/2017 1:46:50 PM","9/15/2017 1:47:44 PM"
"275","Male",20,3,1,1,275,15,120,0,NA,3,"G_9/15/2017 1:46:50 PM","9/15/2017 1:47:39 PM"
"276","Female",19,4,1,1,276,15,120,0,NA,4,"G_9/15/2017 1:46:50 PM","9/15/2017 1:48:51 PM"
"277","Female",20,1,1,1,277,15,105,0,NA,1,"G_9/15/2017 2:32:28 PM","9/15/2017 2:33:12 PM"
"278","Female",18,2,1,1,278,15,105,0,NA,2,"G_9/15/2017 2:32:28 PM","9/15/2017 2:34:53 PM"
"279","Male",18,4,0,0,279,20,1235,920,NA,4,"G_3/10/2017 1:56:15 PM","9/15/2017 2:34:56 PM"
"28","Female",19,1,0,0,28,10,120,0,NA,1,"G_1/30/2017 11:29:40 AM",NA
"280","Female",18,4,0,0,280,10,135,0,NA,4,"G_3/10/2017 2:07:03 PM","9/15/2017 2:38:16 PM"
"281","Female",18,1,1,1,281,15,120,0,NA,1,"G_9/18/2017 12:02:57 PM","9/18/2017 12:03:18 PM"
"282","Female",20,2,1,1,282,15,120,0,NA,2,"G_9/18/2017 12:02:57 PM","9/18/2017 12:03:32 PM"
"283","Female",18,3,1,1,283,15,120,0,NA,3,"G_9/18/2017 12:02:57 PM","9/18/2017 12:04:20 PM"
"284","Male",18,4,1,1,284,15,120,0,NA,4,"G_9/18/2017 12:02:57 PM","9/18/2017 12:03:49 PM"
"285","Female",18,1,1,1,285,15,120,0,NA,1,"G_9/18/2017 12:42:57 PM","9/18/2017 12:45:27 PM"
"286","Female",19,2,1,1,286,15,120,0,NA,2,"G_9/18/2017 12:42:57 PM","9/18/2017 12:45:14 PM"
"287","Male",19,3,1,1,287,15,120,0,NA,3,"G_9/18/2017 12:42:57 PM","9/18/2017 12:45:14 PM"
"288","Female",20,4,1,1,288,15,120,0,NA,4,"G_9/18/2017 12:42:57 PM","9/18/2017 12:45:15 PM"
"289","Female",19,1,1,1,289,15,135,0,NA,1,"G_9/19/2017 12:30:05 PM","9/19/2017 12:33:29 PM"
"29","Female",20,1,0,0,29,5,60,0,NA,0,"G_1/31/2017 10:50:47 AM",NA
"290","Female",18,2,1,1,290,15,135,0,NA,2,"G_9/19/2017 12:30:05 PM","9/19/2017 12:33:33 PM"
"291","Female",18,3,1,1,291,15,135,0,NA,3,"G_9/19/2017 12:30:05 PM","9/19/2017 12:33:31 PM"
"292","Female",18,4,1,1,292,15,135,0,NA,4,"G_9/19/2017 12:30:05 PM","9/19/2017 12:33:25 PM"
"293","Female",19,1,1,1,293,17,498,288,NA,1,"G_9/19/2017 1:13:39 PM","9/19/2017 1:16:50 PM"
"294","Female",19,2,1,1,294,21,670,460,NA,2,"G_9/19/2017 1:13:39 PM","9/19/2017 1:16:45 PM"
"295","Female",19,3,1,1,295,8,135,0,NA,3,"G_9/19/2017 1:13:39 PM","9/19/2017 1:16:50 PM"
"296","Male",20,4,1,1,296,13,345,150,NA,4,"G_9/19/2017 1:13:39 PM","9/19/2017 1:16:48 PM"
"297","Male",18,4,0,0,297,15,720,450,NA,4,"G_3/10/2017 3:08:00 PM","9/19/2017 2:07:18 PM"
"298","Male",18,4,0,0,298,10,135,0,NA,4,"G_3/16/2017 11:02:26 AM","9/19/2017 2:07:20 PM"
"299","Female",18,4,0,0,299,5,45,0,NA,4,"G_3/16/2017 11:17:13 AM","9/19/2017 2:07:26 PM"
"30","Female",19,1,0,0,30,5,75,0,NA,0,"G_1/31/2017 10:51:23 AM",NA
"300","Female",80,1,0,0,300,5,75,0,NA,1,"G_9/21/2017 2:45:17 PM","9/21/2017 2:45:28 PM"
"301","Female",19,1,1,1,301,14,375,150,NA,1,"G_9/25/2017 12:02:17 PM","9/25/2017 12:05:15 PM"
"302","Female",18,2,1,1,302,14,375,150,NA,2,"G_9/25/2017 12:02:17 PM","9/25/2017 12:05:16 PM"
"303","Female",18,3,1,1,303,14,360,150,NA,3,"G_9/25/2017 12:02:17 PM","9/25/2017 12:05:13 PM"
"304","Male",19,4,1,1,304,18,540,300,NA,4,"G_9/25/2017 12:02:17 PM","9/25/2017 12:05:08 PM"
"305","Female",18,1,1,1,305,15,90,0,NA,1,"G_9/25/2017 12:43:12 PM","9/25/2017 12:44:49 PM"
"306","Male",18,2,1,1,306,15,90,0,NA,2,"G_9/25/2017 12:43:12 PM","9/25/2017 12:46:41 PM"
"307","Male",19,3,1,1,307,15,90,0,NA,3,"G_9/25/2017 12:43:12 PM","9/25/2017 12:46:53 PM"
"308","Female",19,4,1,1,308,15,90,0,NA,4,"G_9/25/2017 12:43:12 PM","9/25/2017 12:46:49 PM"
"309","Female",19,1,1,1,309,15,135,0,NA,1,"G_9/25/2017 1:28:23 PM","9/25/2017 1:31:50 PM"
"31","Female",20,1,0,0,31,5,45,0,NA,0,"G_1/31/2017 10:51:59 AM",NA
"310","Male",19,2,1,1,310,15,135,0,NA,2,"G_9/25/2017 1:28:23 PM","9/25/2017 1:31:47 PM"
"311","Female",18,3,1,1,311,15,135,0,NA,3,"G_9/25/2017 1:28:23 PM","9/25/2017 1:31:52 PM"
"312","Male",18,4,1,1,312,15,135,0,NA,4,"G_9/25/2017 1:28:23 PM","9/25/2017 1:31:52 PM"
"313","Female",18,1,0,0,313,5,45,0,NA,1,"G_9/25/2017 2:21:26 PM","9/25/2017 2:31:05 PM"
"314","0",0,1,0,0,314,NA,NA,NA,NA,1,"G_9/25/2017 2:21:41 PM",NA
"315","0",0,1,0,0,315,NA,NA,NA,NA,1,"G_9/25/2017 2:21:57 PM",NA
"316","Male",20,2,0,0,316,5,75,0,NA,2,"G_9/25/2017 2:21:26 PM","9/26/2017 9:02:00 AM"
"317","Male",18,3,0,0,317,10,105,0,NA,3,"G_9/25/2017 2:21:26 PM","9/26/2017 11:27:29 AM"
"318","Female",19,1,1,1,318,17,120,0,NA,1,"G_9/27/2017 9:28:15 AM","9/27/2017 9:28:33 AM"
"319","Female",18,2,1,1,319,13,75,0,NA,2,"G_9/27/2017 9:28:15 AM","9/27/2017 9:28:33 AM"
"32","Female",19,1,0,0,32,15,495,300,NA,0,"G_1/31/2017 10:52:25 AM",NA
"320","Male",18,1,1,1,320,15,375,150,NA,1,"G_9/27/2017 12:07:26 PM","9/27/2017 12:09:40 PM"
"321","Female",18,2,1,1,321,15,375,150,NA,2,"G_9/27/2017 12:07:26 PM","9/27/2017 12:09:41 PM"
"322","Male",19,3,1,1,322,15,360,150,NA,3,"G_9/27/2017 12:07:26 PM","9/27/2017 12:09:41 PM"
"323","Female",18,4,1,1,323,15,375,150,NA,4,"G_9/27/2017 12:07:26 PM","9/27/2017 12:09:47 PM"
"324","Female",18,1,1,1,324,13,150,0,NA,1,"G_9/27/2017 12:48:15 PM","9/27/2017 12:51:09 PM"
"325","Female",18,2,1,1,325,14,165,0,NA,2,"G_9/27/2017 12:48:15 PM","9/27/2017 12:51:14 PM"
"326","Female",18,3,1,1,326,15,180,0,NA,3,"G_9/27/2017 12:48:15 PM","9/27/2017 12:51:16 PM"
"327","Male",19,4,1,1,327,18,230,50,NA,4,"G_9/27/2017 12:48:15 PM","9/27/2017 12:51:18 PM"
"328","Female",18,1,1,1,328,15,120,0,NA,1,"G_9/27/2017 1:34:53 PM","9/27/2017 1:39:15 PM"
"329","Female",18,2,1,1,329,15,120,0,NA,2,"G_9/27/2017 1:34:53 PM","9/27/2017 1:39:17 PM"
"33","Female",19,1,1,1,33,15,90,0,NA,0,"G_1/31/2017 12:00:47 PM",NA
"330","Male",18,3,1,1,330,15,120,0,NA,3,"G_9/27/2017 1:34:53 PM","9/27/2017 1:39:15 PM"
"331","Male",20,4,1,1,331,15,120,0,NA,4,"G_9/27/2017 1:34:53 PM","9/27/2017 1:37:16 PM"
"332","Female",18,1,1,1,332,15,135,0,NA,1,"G_9/28/2017 8:59:39 AM","9/28/2017 9:02:26 AM"
"333","Female",19,2,1,1,333,15,135,0,NA,2,"G_9/28/2017 8:59:39 AM","9/28/2017 9:02:16 AM"
"334","Female",18,3,1,1,334,14,120,0,NA,3,"G_9/28/2017 8:59:39 AM","9/28/2017 9:02:30 AM"
"335","Female",19,4,1,1,335,15,135,0,NA,4,"G_9/28/2017 8:59:39 AM","9/28/2017 9:02:24 AM"
"336","Female",18,4,0,0,336,10,120,0,NA,4,"G_9/25/2017 2:21:26 PM","9/28/2017 12:24:47 PM"
"337","Female",19,1,0,0,337,10,120,0,NA,1,"G_9/28/2017 12:24:35 PM","9/28/2017 12:26:32 PM"
"338","Female",18,1,0,0,338,5,15,0,NA,1,"G_9/28/2017 12:24:49 PM","9/28/2017 12:25:42 PM"
"339","Female",19,1,0,0,339,5,45,0,NA,1,"G_9/28/2017 12:27:03 PM","9/28/2017 12:29:01 PM"
"34","Female",18,2,1,1,34,15,90,0,NA,0,"G_1/31/2017 12:00:47 PM",NA
"340","Female",18,2,0,0,340,NA,NA,NA,NA,2,"G_9/28/2017 12:24:35 PM","9/29/2017 3:15:58 PM"
"341","Male",18,1,1,1,341,15,375,150,NA,1,"G_9/29/2017 3:19:26 PM","9/29/2017 3:21:20 PM"
"342","Male",19,2,1,1,342,15,375,150,NA,2,"G_9/29/2017 3:19:26 PM","9/29/2017 3:21:14 PM"
"343","Female",18,2,0,0,343,10,105,0,NA,2,"G_9/28/2017 12:24:49 PM","9/29/2017 3:22:13 PM"
"344","Male",80,1,0,0,344,5,75,0,NA,1,"G_10/2/2017 8:27:56 AM","10/2/2017 8:28:01 AM"
"345","Male",80,1,0,0,345,5,60,0,NA,1,"G_10/2/2017 8:29:29 AM","10/2/2017 8:29:34 AM"
"346","Female",18,1,0,0,346,10,105,0,NA,1,"G_10/2/2017 12:29:16 PM","10/2/2017 12:30:43 PM"
"347","Female",18,1,0,0,347,5,45,0,NA,1,"G_10/2/2017 12:29:27 PM","10/2/2017 12:30:39 PM"
"348","Female",19,1,0,0,348,5,60,0,NA,1,"G_10/2/2017 12:36:08 PM","10/2/2017 12:38:20 PM"
"349","Male",18,1,0,0,349,20,1235,920,NA,1,"G_10/2/2017 12:58:52 PM","10/2/2017 1:01:54 PM"
"35","Female",19,2,0,0,35,10,120,0,NA,2,"G_1/30/2017 11:29:40 AM",NA
"350","Female",18,1,0,0,350,5,30,0,NA,1,"G_10/2/2017 1:28:36 PM","10/2/2017 1:32:30 PM"
"351","Male",18,1,0,0,351,5,45,0,NA,1,"G_10/2/2017 1:29:16 PM","10/2/2017 1:32:36 PM"
"352","Female",18,1,0,0,352,5,75,0,NA,1,"G_10/2/2017 1:29:43 PM","10/2/2017 1:32:32 PM"
"353","Female",18,1,0,0,353,5,45,0,NA,1,"G_10/2/2017 1:29:49 PM","10/2/2017 1:32:29 PM"
"354","Male",18,1,0,0,354,10,105,0,NA,1,"G_10/2/2017 2:01:14 PM","10/2/2017 2:02:53 PM"
"355","Female",18,1,0,0,355,10,105,0,NA,1,"G_10/2/2017 2:01:59 PM","10/2/2017 2:02:53 PM"
"356","Male",19,2,0,0,356,5,45,0,NA,2,"G_9/28/2017 12:27:03 PM","10/2/2017 2:29:06 PM"
"357","Male",18,3,0,0,357,15,310,100,NA,3,"G_9/28/2017 12:24:49 PM","10/3/2017 10:05:38 AM"
"358","Female",18,1,1,1,358,15,345,150,NA,1,"G_10/3/2017 10:59:13 AM","10/3/2017 11:01:04 AM"
"359","Female",18,2,1,1,359,15,345,150,NA,2,"G_10/3/2017 10:59:13 AM","10/3/2017 10:59:58 AM"
"36","Male",18,1,0,0,36,10,120,0,NA,1,"G_1/31/2017 12:01:26 PM",NA
"360","Female",18,3,1,1,360,15,345,150,NA,3,"G_10/3/2017 10:59:13 AM","10/3/2017 11:00:01 AM"
"361","Male",18,4,1,1,361,15,345,150,NA,4,"G_10/3/2017 10:59:13 AM","10/3/2017 11:00:06 AM"
"362","Female",19,3,0,0,362,5,75,0,NA,3,"G_9/28/2017 12:27:03 PM","10/3/2017 11:59:31 AM"
"363","Female",18,4,0,0,363,15,690,450,NA,4,"G_9/28/2017 12:24:49 PM","10/3/2017 11:59:46 AM"
"364","Female",18,1,0,0,364,5,30,0,NA,1,"G_10/3/2017 12:03:24 PM","10/3/2017 12:04:01 PM"
"365","Female",18,0,0,0,365,15,495,300,NA,2,"G_10/2/2017 12:29:16 PM","10/4/2017 12:54:45 PM"
"366","Female",18,0,0,0,366,10,120,0,NA,2,"G_10/2/2017 12:29:27 PM","10/4/2017 12:54:50 PM"
"367","Male",18,0,0,0,367,10,135,0,NA,2,"G_10/2/2017 2:01:14 PM","10/4/2017 12:54:48 PM"
"368","Female",19,0,0,0,368,15,412,172,NA,2,"G_10/2/2017 12:36:08 PM","10/4/2017 12:58:03 PM"
"369","Male",18,1,0,0,369,NA,105,0,NA,1,"G_10/4/2017 1:28:43 PM","10/4/2017 1:28:47 PM"
"37","Female",19,1,1,1,37,15,375,150,NA,0,"G_2/2/2017 11:12:09 AM",NA
"370","Female",18,0,0,0,370,10,135,0,NA,2,"G_10/2/2017 1:29:49 PM","10/4/2017 1:28:48 PM"
"371","Female",18,0,0,0,371,20,1208,908,NA,2,"G_10/2/2017 1:29:43 PM","10/4/2017 1:28:56 PM"
"372","Female",18,0,0,0,372,10,105,0,NA,2,"G_10/2/2017 1:28:36 PM","10/4/2017 1:29:01 PM"
"373","Male",18,0,0,0,373,20,1250,920,NA,2,"G_10/2/2017 12:58:52 PM","10/4/2017 1:32:42 PM"
"374","Male",18,0,0,0,374,15,350,50,NA,2,"G_10/2/2017 1:29:16 PM","10/4/2017 1:58:20 PM"
"375","Female",18,0,0,0,375,10,135,0,NA,2,"G_10/2/2017 2:01:59 PM","10/4/2017 2:27:04 PM"
"376","Female",19,2,0,0,376,5,45,0,NA,2,"G_10/3/2017 12:03:24 PM","10/5/2017 8:59:51 AM"
"377","Female",18,4,0,0,377,5,75,0,NA,4,"G_9/28/2017 12:27:03 PM","10/5/2017 9:00:03 AM"
"378","Female",18,0,0,0,378,10,135,0,NA,3,"G_10/2/2017 1:28:36 PM","10/6/2017 11:58:31 AM"
"379","Female",18,0,0,0,379,15,345,150,NA,3,"G_10/2/2017 12:29:27 PM","10/6/2017 1:00:13 PM"
"38","Male",18,2,1,1,38,15,375,150,NA,0,"G_2/2/2017 11:12:09 AM",NA
"380","Male",18,0,0,0,380,20,1250,920,NA,3,"G_10/2/2017 12:58:52 PM","10/6/2017 1:00:14 PM"
"381","Female",18,0,0,0,381,15,345,150,NA,3,"G_10/2/2017 1:29:49 PM","10/6/2017 1:00:17 PM"
"382","Male",18,0,0,0,382,10,135,0,NA,3,"G_10/2/2017 2:01:14 PM","10/6/2017 1:30:33 PM"
"383","Female",19,0,0,0,383,15,500,230,NA,3,"G_10/2/2017 12:36:08 PM","10/6/2017 2:26:43 PM"
"384","Female",18,0,0,0,384,10,135,0,NA,3,"G_10/2/2017 2:01:59 PM","10/6/2017 2:27:01 PM"
"385","Male",18,0,0,0,385,20,1238,908,NA,3,"G_10/2/2017 1:29:16 PM","10/6/2017 2:27:28 PM"
"386","Female",19,1,0,0,386,10,105,0,NA,1,"G_10/9/2017 12:28:01 PM","10/9/2017 12:32:20 PM"
"387","Female",20,1,0,0,387,10,120,0,NA,1,"G_10/9/2017 12:28:08 PM","10/9/2017 12:32:13 PM"
"388","Female",18,1,0,0,388,5,75,0,NA,1,"G_10/9/2017 12:31:17 PM","10/9/2017 12:32:18 PM"
"389","Female",18,0,0,0,389,15,687,402,NA,4,"G_10/2/2017 12:29:27 PM","10/9/2017 1:02:11 PM"
"39","Female",19,2,0,0,39,10,120,0,NA,2,"G_1/31/2017 12:01:26 PM",NA
"391","0",0,1,0,0,391,NA,NA,NA,NA,1,"G_10/9/2017 1:01:56 PM",NA
"396","Female",18,1,0,0,396,10,105,0,NA,1,"G_10/9/2017 1:06:42 PM","10/9/2017 1:07:41 PM"
"397","Female",18,0,0,0,397,10,135,0,NA,4,"G_10/2/2017 1:28:36 PM","10/9/2017 1:33:33 PM"
"398","Female",18,0,0,0,398,15,510,300,NA,3,"G_10/2/2017 12:29:16 PM","10/9/2017 1:33:45 PM"
"399","Female",18,0,0,0,399,15,375,150,NA,4,"G_10/2/2017 1:29:49 PM","10/9/2017 1:33:33 PM"
"40","Female",19,1,0,0,40,5,30,0,NA,1,"G_2/2/2017 11:17:22 AM",NA
"400","Male",18,0,0,0,400,20,1250,920,NA,4,"G_10/2/2017 2:01:14 PM","10/9/2017 1:59:31 PM"
"401","Male",18,0,0,0,401,20,1250,920,NA,4,"G_10/2/2017 1:29:16 PM","10/9/2017 2:02:52 PM"
"402","Female",18,1,0,0,402,5,45,0,NA,1,"G_10/9/2017 2:05:13 PM","10/9/2017 2:05:53 PM"
"403","Female",18,1,0,0,403,5,30,0,NA,1,"G_10/9/2017 2:06:26 PM","10/9/2017 2:07:06 PM"
"404","Female",21,1,0,0,404,5,45,0,NA,1,"G_10/9/2017 2:30:09 PM","10/9/2017 2:31:01 PM"
"405","Female",18,0,0,0,405,10,135,0,NA,4,"G_10/2/2017 2:01:59 PM","10/9/2017 2:34:50 PM"
"406","Female",19,1,0,0,406,5,45,0,NA,1,"G_10/9/2017 2:38:15 PM","10/9/2017 2:39:26 PM"
"407","Female",19,1,0,0,407,5,30,0,NA,1,"G_10/9/2017 2:38:30 PM","10/9/2017 2:39:29 PM"
"408","Female",21,1,0,0,408,10,120,0,NA,1,"G_10/9/2017 3:02:16 PM","10/9/2017 3:03:00 PM"
"409","Male",20,1,0,0,409,5,15,0,NA,1,"G_10/9/2017 3:24:26 PM","10/9/2017 3:25:37 PM"
"41","Male",23,1,0,0,41,15,405,150,NA,0,"G_2/3/2017 12:01:54 PM",NA
"410","Female",19,1,0,0,410,10,120,0,NA,1,"G_10/9/2017 3:24:38 PM","10/9/2017 3:25:44 PM"
"411","Male",18,1,0,0,411,5,45,0,NA,1,"G_10/9/2017 3:26:28 PM","10/9/2017 3:29:33 PM"
"412","Female",19,3,0,0,412,10,135,0,NA,3,"G_10/3/2017 12:03:24 PM","10/10/2017 3:00:23 PM"
"413","Male",18,1,0,0,413,10,120,0,NA,1,"G_10/10/2017 2:55:44 PM","10/10/2017 3:00:17 PM"
"414","Female",18,2,0,0,414,10,120,0,NA,2,"G_10/10/2017 2:55:44 PM","10/10/2017 3:52:16 PM"
"415","Female",18,0,0,0,415,15,510,300,NA,4,"G_10/2/2017 12:29:16 PM","10/11/2017 11:57:17 AM"
"416","Female",19,0,0,0,416,20,1238,908,NA,4,"G_10/2/2017 12:36:08 PM","10/11/2017 12:27:03 PM"
"417","Female",20,0,0,0,417,10,135,0,NA,2,"G_10/9/2017 12:28:08 PM","10/11/2017 12:27:09 PM"
"418","Female",18,0,0,0,418,10,135,0,NA,2,"G_10/9/2017 1:06:42 PM","10/11/2017 12:28:44 PM"
"419","Male",18,0,0,0,419,20,1250,920,NA,4,"G_10/2/2017 12:58:52 PM","10/11/2017 12:57:02 PM"
"42","Female",18,1,0,0,42,5,75,0,NA,0,"G_2/3/2017 12:02:03 PM",NA
"420","Female",18,0,0,0,420,5,45,0,NA,2,"G_10/9/2017 2:05:13 PM","10/11/2017 12:57:11 PM"
"421","Female",19,0,0,0,421,10,120,0,NA,2,"G_10/9/2017 12:28:01 PM","10/11/2017 12:57:25 PM"
"422","Male",18,0,0,0,422,5,45,0,NA,2,"G_10/9/2017 3:26:28 PM","10/11/2017 12:57:21 PM"
"423","Female",19,0,0,0,423,10,135,0,NA,2,"G_10/9/2017 3:24:38 PM","10/11/2017 1:25:25 PM"
"424","Male",20,0,0,0,424,5,30,0,NA,2,"G_10/9/2017 3:24:26 PM","10/11/2017 1:27:34 PM"
"425","Female",19,0,0,0,425,5,75,0,NA,2,"G_10/9/2017 2:38:30 PM","10/11/2017 1:32:22 PM"
"426","Female",19,0,0,0,426,15,375,150,NA,2,"G_10/9/2017 2:38:15 PM","10/11/2017 1:32:17 PM"
"427","Female",18,0,0,0,427,15,495,300,NA,2,"G_10/9/2017 2:06:26 PM","10/11/2017 1:57:02 PM"
"428","Female",21,0,0,0,428,10,240,0,NA,2,"G_10/9/2017 2:30:09 PM","10/11/2017 1:57:50 PM"
"429","Female",21,0,0,0,429,10,135,0,NA,2,"G_10/9/2017 3:02:16 PM","10/11/2017 2:01:52 PM"
"43","Female",19,1,0,0,43,5,60,0,NA,0,"G_2/3/2017 12:02:14 PM",NA
"430","Female",19,3,0,0,430,10,120,0,NA,3,"G_10/10/2017 2:55:44 PM","10/12/2017 12:25:06 PM"
"431","Female",18,4,0,0,431,10,135,0,NA,4,"G_10/3/2017 12:03:24 PM","10/12/2017 12:24:56 PM"
"432","Female",20,1,0,0,432,5,30,0,NA,1,"G_10/12/2017 12:33:38 PM","10/12/2017 12:34:35 PM"
"433","Male",19,2,0,0,433,5,60,0,NA,2,"G_10/12/2017 12:33:38 PM","10/13/2017 12:01:52 PM"
"434","Female",18,4,0,0,434,10,135,0,NA,4,"G_10/10/2017 2:55:44 PM","10/13/2017 12:03:39 PM"
"435","Female",19,1,0,0,435,5,45,0,NA,1,"G_10/13/2017 12:05:02 PM","10/13/2017 12:05:23 PM"
"436","Female",19,0,0,0,436,10,120,0,NA,3,"G_10/9/2017 12:28:01 PM","10/13/2017 12:47:27 PM"
"437","Female",20,0,0,0,437,10,135,0,NA,3,"G_10/9/2017 12:28:08 PM","10/13/2017 12:56:13 PM"
"438","Female",18,0,0,0,438,10,135,0,NA,3,"G_10/9/2017 1:06:42 PM","10/13/2017 12:59:04 PM"
"439","Male",18,0,0,0,439,5,45,0,NA,3,"G_10/9/2017 3:26:28 PM","10/13/2017 1:26:28 PM"
"44","Female",18,1,0,0,44,5,30,0,NA,0,"G_2/3/2017 12:02:23 PM",NA
"440","Female",19,0,0,0,440,10,135,0,NA,3,"G_10/9/2017 3:24:38 PM","10/13/2017 1:26:45 PM"
"441","Female",19,0,0,0,441,15,720,450,NA,3,"G_10/9/2017 2:38:15 PM","10/13/2017 1:32:47 PM"
"442","Female",19,0,0,0,442,10,135,0,NA,3,"G_10/9/2017 2:38:30 PM","10/13/2017 1:32:53 PM"
"443","Male",20,0,0,0,443,5,30,0,NA,3,"G_10/9/2017 3:24:26 PM","10/13/2017 1:58:58 PM"
"447","Female",18,0,0,0,447,15,230,50,NA,2,"G_10/9/2017 12:31:17 PM","10/13/2017 2:50:36 PM"
"448","Female",21,0,0,0,448,20,1235,920,NA,3,"G_10/9/2017 2:30:09 PM","10/13/2017 2:50:53 PM"
"449","Female",20,0,0,0,449,10,135,0,NA,4,"G_10/9/2017 12:28:08 PM","10/16/2017 12:31:53 PM"
"45","Female",18,1,0,0,45,10,120,0,NA,0,"G_2/3/2017 2:23:54 PM",NA
"450","Female",18,0,0,0,450,10,135,0,NA,4,"G_10/9/2017 1:06:42 PM","10/16/2017 12:32:49 PM"
"451","Female",18,3,0,0,451,5,45,0,NA,1,"G_10/16/2017 3:00:04 PM","10/16/2017 12:33:18 PM"
"452","Male",18,0,0,0,452,5,45,0,NA,4,"G_10/9/2017 3:26:28 PM","10/16/2017 12:52:55 PM"
"453","Female",18,3,0,0,453,5,45,0,NA,1,"G_10/16/2017 3:00:08 PM","10/16/2017 1:02:05 PM"
"454","Female",18,0,0,0,454,NA,700,460,NA,3,"G_10/9/2017 2:06:26 PM","10/16/2017 1:03:16 PM"
"455","Female",19,0,0,0,455,10,120,0,NA,4,"G_10/9/2017 12:28:01 PM","10/16/2017 1:04:58 PM"
"456","Female",19,0,0,0,456,15,405,150,NA,4,"G_10/9/2017 3:24:38 PM","10/16/2017 1:24:43 PM"
"457","Female",19,0,0,0,457,15,730,460,NA,4,"G_10/9/2017 2:38:15 PM","10/16/2017 1:31:53 PM"
"458","Female",19,0,0,0,458,15,730,460,NA,4,"G_10/9/2017 2:38:30 PM","10/16/2017 1:33:35 PM"
"46","Male",19,1,0,0,46,5,30,0,NA,0,"G_2/3/2017 2:24:02 PM",NA
"460","Male",20,0,0,0,460,5,60,0,NA,4,"G_10/9/2017 3:24:26 PM","10/16/2017 1:50:55 PM"
"461","Male",18,4,0,0,461,15,360,150,NA,1,"G_10/16/2017 3:00:05 PM","10/16/2017 2:03:30 PM"
"462","Female",18,4,0,0,462,5,60,0,NA,1,"G_10/16/2017 3:00:09 PM","10/16/2017 2:03:17 PM"
"463","Female",18,5,0,0,463,5,30,0,NA,1,"G_10/16/2017 3:00:00 PM","10/16/2017 2:03:18 PM"
"464","Female",21,0,0,0,464,25,1729,1339,NA,4,"G_10/9/2017 2:30:09 PM","10/16/2017 2:24:08 PM"
"465","Female",19,5,0,0,465,10,90,0,NA,1,"G_10/16/2017 3:00:02 PM","10/16/2017 2:33:06 PM"
"466","Male",21,5,0,0,466,10,90,0,NA,1,"G_10/16/2017 3:00:06 PM","10/16/2017 2:33:13 PM"
"467","Male",19,6,0,0,467,5,60,0,NA,1,"G_10/16/2017 3:00:01 PM","10/16/2017 2:59:18 PM"
"468","Female",18,6,0,0,468,5,45,0,NA,1,"G_10/16/2017 3:00:03 PM","10/16/2017 2:59:25 PM"
"469","Male",18,6,0,0,469,10,135,0,NA,1,"G_10/16/2017 3:00:07 PM","10/16/2017 3:31:29 PM"
"47","Female",19,1,0,0,47,5,75,0,NA,0,"G_2/3/2017 2:24:14 PM",NA
"470","Female",21,0,0,0,470,10,135,0,NA,3,"G_10/9/2017 3:02:16 PM","10/16/2017 3:30:56 PM"
"472","Female",19,6,0,0,472,5,45,0,NA,1,"G_10/16/2017 3:00:10 PM","10/16/2017 3:36:37 PM"
"473","Female",18,0,0,0,473,15,715,460,NA,4,"G_10/9/2017 2:06:26 PM","10/17/2017 11:58:09 AM"
"474","Female",18,0,0,0,474,15,510,300,NA,3,"G_10/9/2017 12:31:17 PM","10/17/2017 1:20:43 PM"
"475","0",0,2,0,0,475,NA,NA,NA,NA,2,"G_10/13/2017 12:05:02 PM",NA
"476","Female",18,1,1,1,476,17,555,300,NA,1,"G_10/17/2017 1:58:58 PM","10/17/2017 1:59:57 PM"
"477","Female",21,2,1,1,477,16,525,300,NA,2,"G_10/17/2017 1:58:58 PM","10/17/2017 2:00:02 PM"
"478","Male",18,3,1,1,478,17,555,300,NA,3,"G_10/17/2017 1:58:58 PM","10/17/2017 2:00:07 PM"
"479","Female",18,4,1,1,479,11,275,50,NA,4,"G_10/17/2017 1:58:58 PM","10/17/2017 1:59:58 PM"
"48","Female",19,1,0,0,48,5,75,0,NA,0,"G_2/3/2017 2:24:28 PM",NA
"480","Male",21,1,1,1,480,15,120,0,NA,1,"G_10/17/2017 2:44:14 PM","10/17/2017 2:47:14 PM"
"481","Female",18,2,1,1,481,15,120,0,NA,2,"G_10/17/2017 2:44:14 PM","10/17/2017 2:47:01 PM"
"482","Male",18,3,1,1,482,15,120,0,NA,3,"G_10/17/2017 2:44:14 PM","10/17/2017 2:47:02 PM"
"483","Female",18,4,1,1,483,15,120,0,NA,4,"G_10/17/2017 2:44:14 PM","10/17/2017 2:47:14 PM"
"484","Male",21,0,0,0,484,10,90,0,NA,2,"G_10/16/2017 3:00:06 PM","10/18/2017 12:22:19 PM"
"485","Female",19,0,0,0,485,15,705,450,NA,2,"G_10/16/2017 3:00:10 PM","10/18/2017 12:22:51 PM"
"486","Female",18,0,0,0,486,10,135,0,NA,2,"G_10/16/2017 3:00:04 PM","10/18/2017 12:25:10 PM"
"487","Female",18,0,0,0,487,10,105,0,NA,2,"G_10/16/2017 3:00:08 PM","10/18/2017 12:56:08 PM"
"488","Female",18,0,0,0,488,5,75,0,NA,2,"G_10/16/2017 3:00:00 PM","10/18/2017 12:56:07 PM"
"489","Male",18,1,0,0,489,NA,390,150,NA,1,"G_10/18/2017 1:24:36 PM","10/18/2017 1:25:16 PM"
"49","Female",21,1,0,0,49,10,105,0,NA,0,"G_2/3/2017 3:28:52 PM",NA
"490","Female",18,0,0,0,490,5,60,0,NA,2,"G_10/16/2017 3:00:09 PM","10/18/2017 1:25:20 PM"
"491","Male",18,0,0,0,491,20,1235,920,NA,2,"G_10/16/2017 3:00:05 PM","10/18/2017 1:33:43 PM"
"492","Female",19,0,0,0,492,10,135,0,NA,2,"G_10/16/2017 3:00:02 PM","10/18/2017 2:19:28 PM"
"493","Male",19,0,0,0,493,10,90,0,NA,2,"G_10/16/2017 3:00:01 PM","10/18/2017 2:19:26 PM"
"494","Female",18,0,0,0,494,10,135,0,NA,2,"G_10/16/2017 3:00:03 PM","10/18/2017 2:29:11 PM"
"495","Male",18,0,0,0,495,15,700,460,NA,2,"G_10/16/2017 3:00:07 PM","10/18/2017 2:29:00 PM"
"496","Male",20,1,1,1,496,15,90,0,NA,1,"G_10/19/2017 12:18:56 PM","10/19/2017 12:22:26 PM"
"497","Female",18,2,1,1,497,15,90,0,NA,2,"G_10/19/2017 12:18:56 PM","10/19/2017 12:22:22 PM"
"498","Female",21,3,1,1,498,15,90,0,NA,3,"G_10/19/2017 12:18:56 PM","10/19/2017 12:22:28 PM"
"499","Female",18,4,1,1,499,15,90,0,NA,4,"G_10/19/2017 12:18:56 PM","10/19/2017 12:20:45 PM"
"50","Male",19,1,0,0,50,10,120,0,NA,0,"G_2/3/2017 3:29:14 PM",NA
"500","Female",18,1,1,1,500,15,135,0,NA,1,"G_10/19/2017 2:25:35 PM","10/19/2017 2:38:03 PM"
"501","Female",18,2,1,1,501,15,135,0,NA,2,"G_10/19/2017 2:25:35 PM","10/19/2017 2:39:44 PM"
"502","Male",19,3,1,1,502,15,135,0,NA,3,"G_10/19/2017 2:25:35 PM","10/19/2017 2:38:04 PM"
"503","Female",18,4,1,1,503,15,135,0,NA,4,"G_10/19/2017 2:25:35 PM","10/19/2017 2:39:50 PM"
"504","Female",21,3,0,0,504,10,120,0,NA,3,"G_2/20/2017 3:33:10 PM","10/19/2017 3:26:02 PM"
"505","Female",18,3,0,0,505,10,120,0,NA,3,"G_2/20/2017 2:51:15 PM","10/19/2017 3:26:08 PM"
"506","Female",19,3,0,0,506,10,135,0,NA,3,"G_2/23/2017 11:07:29 AM","10/19/2017 3:26:09 PM"
"507","Female",18,3,0,0,507,10,105,0,NA,3,"G_2/20/2017 10:52:52 AM","10/19/2017 3:31:13 PM"
"508","Female",18,0,0,0,508,15,510,300,NA,4,"G_10/9/2017 12:31:17 PM","10/19/2017 3:54:42 PM"
"509","Female",18,0,0,0,509,10,135,0,NA,3,"G_10/16/2017 3:00:04 PM","10/20/2017 12:22:09 PM"
"51","Male",18,1,1,1,51,19,325,100,NA,0,"G_2/6/2017 11:00:05 AM",NA
"510","Female",18,0,0,0,510,10,120,0,NA,3,"G_10/16/2017 3:00:08 PM","10/20/2017 12:28:45 PM"
"511","Female",18,0,0,0,511,5,75,0,NA,3,"G_10/16/2017 3:00:00 PM","10/20/2017 12:55:37 PM"
"512","Female",19,0,0,0,512,20,1250,920,NA,3,"G_10/16/2017 3:00:10 PM","10/20/2017 12:58:05 PM"
"513","Male",21,0,0,0,513,10,90,0,NA,3,"G_10/16/2017 3:00:06 PM","10/20/2017 1:09:03 PM"
"514","Male",18,0,0,0,514,20,1250,920,NA,3,"G_10/16/2017 3:00:05 PM","10/20/2017 1:22:46 PM"
"515","Female",19,0,0,0,515,10,135,0,NA,3,"G_10/16/2017 3:00:02 PM","10/20/2017 1:37:27 PM"
"516","Male",18,0,0,0,516,15,700,460,NA,3,"G_10/16/2017 3:00:07 PM","10/20/2017 2:24:12 PM"
"517","Female",18,0,0,0,517,20,1235,920,NA,3,"G_10/16/2017 3:00:03 PM","10/20/2017 2:24:24 PM"
"518","Male",19,0,0,0,518,20,1250,920,NA,3,"G_10/16/2017 3:00:01 PM","10/20/2017 2:24:54 PM"
"519","Female",18,0,0,0,519,10,120,0,NA,3,"G_10/16/2017 3:00:09 PM","10/20/2017 2:28:02 PM"
"52","Male",19,2,1,1,52,11,135,0,NA,0,"G_2/6/2017 11:00:05 AM",NA
"520","Male",18,0,0,0,520,20,1238,908,NA,4,"G_10/16/2017 3:00:07 PM","10/23/2017 12:24:49 PM"
"521","Female",18,0,0,0,521,10,135,0,NA,4,"G_10/16/2017 3:00:04 PM","10/23/2017 12:27:49 PM"
"522","Female",19,0,0,0,522,20,1250,920,NA,4,"G_10/16/2017 3:00:10 PM","10/23/2017 12:31:06 PM"
"523","Female",18,0,0,0,523,10,120,0,NA,4,"G_10/16/2017 3:00:08 PM","10/23/2017 12:56:05 PM"
"524","Female",20,1,0,0,524,15,265,100,NA,1,"G_10/23/2017 12:58:25 PM","10/23/2017 1:01:46 PM"
"525","Female",21,0,0,0,525,10,135,0,NA,4,"G_10/9/2017 3:02:16 PM","10/23/2017 1:06:54 PM"
"526","Female",19,1,0,0,526,10,90,0,NA,1,"G_10/23/2017 1:25:13 PM","10/23/2017 1:27:14 PM"
"527","Female",18,0,0,0,527,10,120,0,NA,4,"G_10/16/2017 3:00:09 PM","10/23/2017 1:29:49 PM"
"528","Female",18,1,0,0,528,5,45,0,NA,1,"G_10/23/2017 1:33:47 PM","10/23/2017 1:35:44 PM"
"529","Male",18,0,0,0,529,20,1250,920,NA,4,"G_10/16/2017 3:00:05 PM","10/23/2017 1:36:39 PM"
"53","Female",19,2,0,0,53,5,45,0,NA,2,"G_2/2/2017 11:17:22 AM",NA
"530","Female",18,0,0,0,530,10,90,0,NA,4,"G_10/16/2017 3:00:00 PM","10/23/2017 1:56:00 PM"
"531","Male",21,0,0,0,531,10,90,0,NA,4,"G_10/16/2017 3:00:06 PM","10/23/2017 2:17:58 PM"
"532","Male",19,0,0,0,532,20,1250,920,NA,4,"G_10/16/2017 3:00:01 PM","10/23/2017 2:19:55 PM"
"533","Female",19,0,0,0,533,10,180,0,NA,4,"G_10/16/2017 3:00:02 PM","10/23/2017 2:20:23 PM"
"534","Female",18,0,0,0,534,20,1250,920,NA,4,"G_10/16/2017 3:00:03 PM","10/23/2017 2:29:14 PM"
"535","Female",19,1,0,0,535,10,120,0,NA,1,"G_10/23/2017 2:49:05 PM","10/23/2017 2:49:55 PM"
"536","Female",18,1,0,0,536,5,45,0,NA,1,"G_10/23/2017 3:23:59 PM","10/23/2017 3:24:40 PM"
"537","Male",18,3,0,0,537,15,510,300,NA,3,"G_1/25/2017 1:34:29 PM","10/24/2017 9:02:04 AM"
"538","Female",18,3,0,0,538,10,135,0,NA,3,"G_3/14/2017 1:30:38 PM","10/24/2017 1:13:00 PM"
"539","Male",18,3,0,0,539,10,135,0,NA,3,"G_3/13/2017 2:03:15 PM","10/24/2017 1:21:09 PM"
"54","Female",18,1,0,0,54,10,120,0,NA,1,"G_2/6/2017 11:37:04 AM",NA
"540","Male",18,1,1,1,540,17,135,0,NA,1,"G_10/24/2017 3:58:17 PM","10/24/2017 4:00:43 PM"
"541","Male",19,2,1,1,541,17,135,0,NA,2,"G_10/24/2017 3:58:17 PM","10/24/2017 4:00:46 PM"
"542","Female",18,3,1,1,542,9,45,0,NA,3,"G_10/24/2017 3:58:17 PM","10/24/2017 4:00:34 PM"
"543","Female",18,4,1,1,543,17,135,0,NA,4,"G_10/24/2017 3:58:17 PM","10/24/2017 4:00:31 PM"
"544","Male",19,3,0,0,544,10,135,0,NA,3,"G_1/30/2017 11:29:40 AM","10/25/2017 9:03:36 AM"
"545","Female",18,0,0,0,545,10,105,0,NA,2,"G_10/23/2017 3:23:59 PM","10/25/2017 12:19:04 PM"
"546","Female",19,0,0,0,546,10,135,0,NA,2,"G_10/23/2017 1:25:13 PM","10/25/2017 12:32:30 PM"
"547","Female",18,1,0,0,547,5,30,0,NA,1,"G_10/25/2017 12:59:32 PM","10/25/2017 1:01:13 PM"
"548","Female",20,0,0,0,548,15,495,300,NA,2,"G_10/23/2017 12:58:25 PM","10/25/2017 1:00:00 PM"
"549","Female",18,0,0,0,549,10,120,0,NA,2,"G_10/23/2017 1:33:47 PM","10/25/2017 1:33:01 PM"
"55","Female",21,2,0,0,55,10,120,0,NA,2,"G_2/6/2017 11:37:04 AM",NA
"550","Female",18,0,0,0,550,5,30,0,NA,2,"G_10/25/2017 12:59:32 PM","10/26/2017 12:41:07 PM"
"551","Female",18,0,0,0,551,10,120,0,NA,3,"G_10/23/2017 3:23:59 PM","10/27/2017 12:13:00 PM"
"552","Female",19,0,0,0,552,10,135,0,NA,3,"G_10/23/2017 1:25:13 PM","10/27/2017 1:43:51 PM"
"553","Female",20,0,0,0,553,15,495,300,NA,3,"G_10/23/2017 12:58:25 PM","10/27/2017 2:27:21 PM"
"554","Female",18,0,0,0,554,10,135,0,NA,3,"G_10/23/2017 1:33:47 PM","10/27/2017 2:31:16 PM"
"555","Female",19,1,1,1,555,15,345,150,NA,1,"G_10/27/2017 3:10:21 PM","10/27/2017 3:13:56 PM"
"556","Female",18,2,1,1,556,15,345,150,NA,2,"G_10/27/2017 3:10:21 PM","10/27/2017 3:13:58 PM"
"557","Female",18,3,1,1,557,15,345,150,NA,3,"G_10/27/2017 3:10:21 PM","10/27/2017 3:14:07 PM"
"558","Female",18,4,1,1,558,15,345,150,NA,4,"G_10/27/2017 3:10:21 PM","10/27/2017 3:14:06 PM"
"559","Female",18,3,0,0,559,10,120,0,NA,3,"G_1/31/2017 12:01:26 PM","10/30/2017 9:01:33 AM"
"56","Female",18,1,0,0,56,5,60,0,NA,1,"G_2/6/2017 12:12:51 PM",NA
"560","Female",19,3,0,0,560,10,120,0,NA,3,"G_10/12/2017 12:33:38 PM","10/30/2017 9:07:53 AM"
"561","Male",22,3,0,0,561,20,940,610,NA,3,"G_3/1/2017 3:02:46 PM","10/30/2017 10:01:50 AM"
"562","Male",19,3,0,0,562,10,120,0,NA,3,"G_3/1/2017 2:05:45 PM","10/30/2017 10:01:52 AM"
"563","Female",19,1,1,1,563,15,345,150,NA,1,"G_10/30/2017 11:01:17 AM","10/30/2017 11:01:28 AM"
"564","Male",18,2,1,1,564,15,360,150,NA,2,"G_10/30/2017 11:01:17 AM","10/30/2017 11:02:09 AM"
"565","Male",18,3,1,1,565,15,345,150,NA,3,"G_10/30/2017 11:01:17 AM","10/30/2017 11:03:07 AM"
"566","Male",19,4,1,1,566,15,345,150,NA,4,"G_10/30/2017 11:01:17 AM","10/30/2017 11:03:07 AM"
"567","Female",18,0,0,0,567,5,60,0,NA,3,"G_10/25/2017 12:59:32 PM","10/30/2017 12:14:40 PM"
"568","Female",18,0,0,0,568,15,730,460,NA,4,"G_10/23/2017 3:23:59 PM","10/30/2017 12:16:50 PM"
"569","Female",20,0,0,0,569,15,510,300,NA,4,"G_10/23/2017 12:58:25 PM","10/30/2017 12:56:15 PM"
"57","Male",18,1,1,1,57,15,45,0,NA,0,"G_2/6/2017 12:13:14 PM",NA
"570","Female",19,0,0,0,570,10,135,0,NA,4,"G_10/23/2017 1:25:13 PM","10/30/2017 1:32:14 PM"
"571","Female",18,0,0,0,571,10,135,0,NA,4,"G_10/23/2017 1:33:47 PM","10/30/2017 1:32:49 PM"
"572","Female",19,0,0,0,572,10,135,0,NA,2,"G_10/23/2017 2:49:05 PM","10/30/2017 2:16:24 PM"
"573","Female",18,3,0,0,573,NA,60,0,NA,3,"G_2/14/2017 1:24:14 PM","10/30/2017 4:02:48 PM"
"574","Male",18,3,0,0,574,20,1250,920,NA,3,"G_2/16/2017 3:10:02 PM","10/30/2017 4:02:44 PM"
"575","Male",19,3,0,0,575,15,405,150,NA,3,"G_2/2/2017 11:17:22 AM","10/30/2017 4:02:44 PM"
"576","Female",21,1,1,1,576,18,120,0,NA,1,"G_10/31/2017 9:55:43 AM","10/31/2017 9:58:28 AM"
"577","Female",18,2,1,1,577,18,120,0,NA,2,"G_10/31/2017 9:55:43 AM","10/31/2017 9:58:27 AM"
"578","Female",18,3,1,1,578,18,120,0,NA,3,"G_10/31/2017 9:55:43 AM","10/31/2017 9:58:27 AM"
"579","Female",18,4,1,1,579,7,15,0,NA,4,"G_10/31/2017 9:55:43 AM","10/31/2017 9:58:26 AM"
"58","Male",23,2,1,1,58,15,45,0,NA,0,"G_2/6/2017 12:13:14 PM",NA
"580","Male",20,3,0,0,580,15,700,460,NA,3,"G_2/6/2017 12:12:51 PM","10/31/2017 1:07:23 PM"
"581","Female",19,3,0,0,581,5,45,0,NA,3,"G_2/6/2017 11:37:04 AM","10/31/2017 1:07:20 PM"
"582","Female",18,3,0,0,582,15,700,460,NA,3,"G_2/24/2017 2:15:12 PM","10/31/2017 1:14:08 PM"
"583","Female",18,3,0,0,583,15,405,150,NA,3,"G_2/24/2017 12:28:20 PM","11/1/2017 9:28:16 AM"
"584","Female",18,3,0,0,584,10,135,0,NA,3,"G_1/25/2017 12:59:48 PM","11/1/2017 9:28:17 AM"
"585","Female",18,0,0,0,585,5,75,0,NA,4,"G_10/25/2017 12:59:32 PM","11/1/2017 12:03:01 PM"
"586","Female",18,4,0,0,586,15,495,300,NA,4,"G_2/20/2017 3:33:10 PM","11/1/2017 2:38:11 PM"
"587","Female",18,4,0,0,587,10,135,0,NA,4,"G_2/23/2017 11:07:29 AM","11/1/2017 2:38:16 PM"
"588","Female",18,4,0,0,588,15,345,150,NA,4,"G_2/20/2017 2:51:15 PM","11/2/2017 10:11:55 AM"
"589","Male",18,4,0,0,589,10,135,0,NA,4,"G_1/25/2017 12:59:48 PM","11/2/2017 10:12:06 AM"
"59","Male",19,1,1,1,59,15,405,150,NA,0,"G_2/6/2017 1:29:12 PM",NA
"590","Male",18,4,0,0,590,15,700,460,NA,4,"G_1/25/2017 1:34:29 PM","11/2/2017 10:12:22 AM"
"591","Male",19,4,0,0,591,15,230,50,NA,4,"G_1/30/2017 11:29:40 AM","11/3/2017 9:31:23 AM"
"592","Female",23,4,0,0,592,10,120,0,NA,4,"G_1/31/2017 12:01:26 PM","11/3/2017 9:31:31 AM"
"593","Male",20,4,0,0,593,10,135,0,NA,4,"G_10/12/2017 12:33:38 PM","11/3/2017 9:34:31 AM"
"594","Male",18,4,0,0,594,15,570,270,NA,4,"G_2/16/2017 3:10:02 PM","11/3/2017 2:07:39 PM"
"595","Male",18,4,0,0,595,20,1250,920,NA,4,"G_2/2/2017 11:17:22 AM","11/3/2017 2:07:32 PM"
"596","Male",19,4,0,0,596,20,1238,908,NA,4,"G_2/20/2017 10:52:52 AM","11/3/2017 2:07:46 PM"
"597","Female",19,0,0,0,597,15,705,450,NA,3,"G_10/23/2017 2:49:05 PM","11/3/2017 2:21:40 PM"
"598","Male",19,4,0,0,598,15,405,150,NA,4,"G_2/24/2017 12:28:20 PM","11/3/2017 3:38:06 PM"
"599","Male",19,1,0,0,599,NA,NA,NA,NA,1,"G_11/3/2017 3:37:57 PM","11/3/2017 3:38:02 PM"
"60","Female",18,2,1,1,60,15,405,150,NA,0,"G_2/6/2017 1:29:12 PM",NA
"600","Male",18,2,1,0,600,NA,NA,NA,NA,2,"G_11/3/2017 3:37:57 PM","11/3/2017 3:38:15 PM"
"601","Male",19,1,1,0,601,NA,NA,NA,NA,1,"G_11/3/2017 3:38:27 PM","11/3/2017 3:38:37 PM"
"602","Male",19,2,1,0,602,NA,45,0,NA,2,"G_11/3/2017 3:38:27 PM","11/3/2017 3:43:09 PM"
"603","Male",18,1,1,0,603,NA,NA,NA,NA,1,"G_11/3/2017 3:43:08 PM","11/3/2017 3:43:24 PM"
"604","Male",18,4,0,0,604,20,944,644,NA,4,"G_2/24/2017 2:15:12 PM","11/3/2017 3:47:08 PM"
"605","Male",19,4,0,0,605,10,90,0,NA,4,"G_2/6/2017 11:37:04 AM","11/3/2017 3:48:56 PM"
"606","Female",19,4,0,0,606,15,700,460,NA,4,"G_2/6/2017 12:12:51 PM","11/6/2017 9:33:19 AM"
"607","Female",20,4,0,0,607,10,180,0,NA,4,"G_3/1/2017 2:05:45 PM","11/6/2017 9:33:21 AM"
"608","Female",19,4,0,0,608,20,1214,884,NA,4,"G_3/1/2017 3:02:46 PM","11/6/2017 9:33:35 AM"
"609","Male",18,4,0,0,609,10,135,0,NA,4,"G_3/13/2017 2:03:15 PM","11/6/2017 10:37:20 AM"
"61","Female",26,2,0,0,61,10,120,0,NA,2,"G_2/6/2017 12:12:51 PM",NA
"610","Female",18,1,1,1,610,15,260,50,NA,1,"G_11/6/2017 12:03:59 PM","11/6/2017 12:04:03 PM"
"611","Female",19,2,1,1,611,15,260,50,NA,2,"G_11/6/2017 12:03:59 PM","11/6/2017 12:05:46 PM"
"612","Male",18,3,1,1,612,15,260,50,NA,3,"G_11/6/2017 12:03:59 PM","11/6/2017 12:04:45 PM"
"613","Male",18,4,1,1,613,15,260,50,NA,4,"G_11/6/2017 12:03:59 PM","11/6/2017 12:04:48 PM"
"614","Female",20,1,1,1,614,15,375,150,NA,1,"G_11/6/2017 12:59:12 PM","11/6/2017 1:01:07 PM"
"615","Female",18,2,1,1,615,15,360,150,NA,2,"G_11/6/2017 12:59:12 PM","11/6/2017 1:01:09 PM"
"616","Female",18,4,0,0,616,10,135,0,NA,4,"G_3/14/2017 1:30:38 PM","11/6/2017 1:01:17 PM"
"617","Female",19,0,0,0,617,20,956,656,NA,4,"G_10/23/2017 2:49:05 PM","11/6/2017 2:19:56 PM"
"618","Male",18,1,0,0,618,10,90,0,NA,1,"G_11/6/2017 4:00:23 PM","11/6/2017 4:01:36 PM"
"619","Female",18,1,0,0,619,5,30,0,NA,1,"G_11/6/2017 4:00:29 PM","11/6/2017 4:01:38 PM"
"62","Female",18,1,1,1,62,15,120,0,NA,0,"G_2/6/2017 2:19:12 PM",NA
"620","Male",19,2,0,0,620,10,165,0,NA,2,"G_11/6/2017 4:00:23 PM","11/7/2017 1:06:48 PM"
"621","Female",18,2,0,0,621,5,60,0,NA,2,"G_11/6/2017 4:00:29 PM","11/7/2017 1:06:40 PM"
"622","Female",18,1,0,0,622,10,135,0,NA,1,"G_11/7/2017 1:15:44 PM","11/7/2017 1:16:36 PM"
"623","Female",18,1,1,1,623,15,120,0,NA,1,"G_11/8/2017 9:29:08 AM","11/8/2017 9:31:11 AM"
"624","Male",18,2,1,1,624,15,120,0,NA,2,"G_11/8/2017 9:29:08 AM","11/8/2017 9:31:11 AM"
"625","Female",19,3,1,1,625,15,120,0,NA,3,"G_11/8/2017 9:29:08 AM","11/8/2017 9:31:21 AM"
"626","Female",18,4,1,1,626,15,120,0,NA,4,"G_11/8/2017 9:29:08 AM","11/8/2017 9:31:19 AM"
"627","Male",18,2,0,0,627,10,225,0,NA,2,"G_11/7/2017 1:15:44 PM","11/8/2017 10:36:17 AM"
"628","Male",19,3,0,0,628,15,360,150,NA,3,"G_11/6/2017 4:00:23 PM","11/8/2017 10:36:27 AM"
"629","Male",19,1,1,1,629,15,405,150,NA,1,"G_11/8/2017 12:00:27 PM","11/8/2017 12:01:21 PM"
"63","Male",19,2,1,1,63,15,120,0,NA,0,"G_2/6/2017 2:19:12 PM",NA
"630","Male",18,2,1,1,630,15,405,150,NA,2,"G_11/8/2017 12:00:27 PM","11/8/2017 12:01:23 PM"
"631","Male",18,3,0,0,631,10,120,0,NA,3,"G_11/6/2017 4:00:29 PM","11/8/2017 12:06:47 PM"
"632","Male",18,1,1,1,632,15,75,0,NA,1,"G_11/8/2017 12:47:44 PM","11/8/2017 12:56:03 PM"
"633","Male",19,2,1,1,633,15,75,0,NA,2,"G_11/8/2017 12:47:44 PM","11/8/2017 12:55:03 PM"
"634","Female",20,1,1,1,634,10,425,200,NA,1,"G_11/8/2017 1:59:43 PM","11/8/2017 2:01:58 PM"
"635","Male",18,2,1,1,635,15,798,483,NA,2,"G_11/8/2017 1:59:43 PM","11/8/2017 2:01:44 PM"
"636","Male",18,3,1,1,636,14,745,460,NA,3,"G_11/8/2017 1:59:43 PM","11/8/2017 2:01:31 PM"
"637","Female",18,4,1,1,637,20,1235,920,NA,4,"G_11/8/2017 1:59:43 PM","11/8/2017 2:01:37 PM"
"638","Female",20,1,1,1,638,15,510,300,NA,1,"G_11/8/2017 2:57:33 PM","11/8/2017 2:59:00 PM"
"639","Male",19,2,1,1,639,15,510,300,NA,2,"G_11/8/2017 2:57:33 PM","11/8/2017 2:58:48 PM"
"64","Female",20,1,1,1,64,15,135,0,NA,0,"G_2/7/2017 11:12:16 AM",NA
"640","Female",20,3,0,0,640,15,730,460,NA,3,"G_11/7/2017 1:15:44 PM","11/8/2017 2:59:04 PM"
"641","Female",18,1,1,1,641,15,390,150,NA,1,"G_11/8/2017 3:58:55 PM","11/8/2017 3:59:20 PM"
"642","Male",18,2,1,1,642,15,390,150,NA,2,"G_11/8/2017 3:58:55 PM","11/8/2017 3:59:16 PM"
"643","Female",18,4,0,0,643,15,670,460,NA,4,"G_11/6/2017 4:00:23 PM","11/8/2017 3:59:34 PM"
"644","Female",19,4,0,0,644,10,135,0,NA,4,"G_11/6/2017 4:00:29 PM","11/8/2017 4:13:19 PM"
"645","Male",19,4,0,0,645,15,705,450,NA,4,"G_11/7/2017 1:15:44 PM","11/9/2017 10:11:12 AM"
"646","Female",18,1,0,0,646,5,60,0,NA,1,"G_11/9/2017 2:45:48 PM","11/9/2017 2:48:07 PM"
"647","Female",18,1,1,1,647,15,120,0,NA,1,"G_11/9/2017 2:45:52 PM","11/9/2017 2:47:54 PM"
"648","Male",20,2,1,1,648,15,120,0,NA,2,"G_11/9/2017 2:45:52 PM","11/9/2017 2:48:09 PM"
"649","Male",19,1,1,1,649,18,715,460,NA,1,"G_11/10/2017 10:56:40 AM","11/10/2017 11:01:14 AM"
"65","Female",21,2,1,1,65,15,135,0,NA,0,"G_2/7/2017 11:12:16 AM",NA
"650","Male",18,2,1,1,650,18,715,460,NA,2,"G_11/10/2017 10:56:40 AM","11/10/2017 11:01:04 AM"
"651","Female",19,3,1,1,651,18,715,460,NA,3,"G_11/10/2017 10:56:40 AM","11/10/2017 11:01:12 AM"
"652","Male",21,4,1,1,652,7,90,0,NA,4,"G_11/10/2017 10:56:40 AM","11/10/2017 11:01:16 AM"
"653","Female",18,1,1,1,653,14,180,0,NA,1,"G_11/10/2017 12:01:46 PM","11/10/2017 12:05:15 PM"
"654","Male",20,2,1,1,654,14,180,0,NA,2,"G_11/10/2017 12:01:46 PM","11/10/2017 12:05:55 PM"
"655","Female",19,3,1,1,655,14,180,0,NA,3,"G_11/10/2017 12:01:46 PM","11/10/2017 12:05:41 PM"
"656","Male",19,4,1,1,656,17,245,50,NA,4,"G_11/10/2017 12:01:46 PM","11/10/2017 12:05:45 PM"
"657","Female",18,2,0,0,657,10,120,0,NA,2,"G_11/9/2017 2:45:48 PM","11/10/2017 1:06:39 PM"
"658","Male",18,1,0,0,658,5,45,0,NA,1,"G_11/10/2017 1:05:03 PM","11/10/2017 1:06:41 PM"
"659","Male",19,1,0,0,659,5,60,0,NA,1,"G_11/10/2017 1:05:22 PM","11/10/2017 1:07:11 PM"
"66","Female",43,1,0,0,66,5,75,0,NA,1,"G_2/7/2017 11:12:50 AM",NA
"660","Male",19,2,0,0,660,10,135,0,NA,2,"G_11/10/2017 1:05:03 PM","11/10/2017 2:07:29 PM"
"661","Female",18,1,1,1,661,15,45,0,NA,1,"G_11/10/2017 2:04:40 PM","11/10/2017 2:07:40 PM"
"662","Female",18,2,1,1,662,15,45,0,NA,2,"G_11/10/2017 2:04:40 PM","11/10/2017 2:07:44 PM"
"663","Male",18,1,1,1,663,15,510,300,NA,1,"G_11/10/2017 2:49:10 PM","11/10/2017 2:53:02 PM"
"664","Female",18,2,1,1,664,15,510,300,NA,2,"G_11/10/2017 2:49:10 PM","11/10/2017 2:52:44 PM"
"665","Female",18,2,0,0,665,10,135,0,NA,2,"G_11/10/2017 1:05:22 PM","11/10/2017 2:53:03 PM"
"666","Male",18,3,0,0,666,10,135,0,NA,3,"G_11/10/2017 1:05:03 PM","11/10/2017 3:37:01 PM"
"667","Male",18,3,0,0,667,15,305,50,NA,3,"G_11/10/2017 1:05:22 PM","11/10/2017 3:37:13 PM"
"668","Male",19,3,0,0,668,10,120,0,NA,3,"G_11/9/2017 2:45:48 PM","11/10/2017 3:37:38 PM"
"669","Male",18,1,1,1,669,15,375,150,NA,1,"G_11/13/2017 12:14:55 PM","11/13/2017 12:17:28 PM"
"670","Female",18,2,1,1,670,15,345,150,NA,2,"G_11/13/2017 12:14:55 PM","11/13/2017 12:17:22 PM"
"671","Female",19,4,0,0,671,10,135,0,NA,4,"G_11/10/2017 1:05:03 PM","11/13/2017 12:17:23 PM"
"672","Male",18,4,0,0,672,15,405,150,NA,4,"G_11/10/2017 1:05:22 PM","11/13/2017 12:18:14 PM"
"673","Female",18,1,1,1,673,15,120,0,NA,1,"G_11/13/2017 1:04:15 PM","11/13/2017 1:06:12 PM"
"674","Female",18,2,1,1,674,15,120,0,NA,2,"G_11/13/2017 1:04:15 PM","11/13/2017 1:06:11 PM"
"675","Female",18,4,0,0,675,10,120,0,NA,4,"G_11/9/2017 2:45:48 PM","11/13/2017 1:06:11 PM"
"676","Male",19,1,0,0,676,10,105,0,NA,1,"G_11/13/2017 4:10:55 PM","11/13/2017 4:11:07 PM"
"677","Female",18,1,1,1,677,15,75,0,NA,1,"G_11/14/2017 10:07:12 AM","11/14/2017 10:07:28 AM"
"678","Female",18,2,1,1,678,15,75,0,NA,2,"G_11/14/2017 10:07:12 AM","11/14/2017 10:07:34 AM"
"679","Male",18,2,0,0,679,10,120,0,NA,2,"G_11/13/2017 4:10:55 PM","11/14/2017 10:07:53 AM"
"680","Female",20,1,1,1,680,14,305,50,NA,1,"G_11/14/2017 1:08:13 PM","11/14/2017 1:08:31 PM"
"681","Female",18,2,1,1,681,16,375,150,NA,2,"G_11/14/2017 1:08:13 PM","11/14/2017 1:08:52 PM"
"682","Female",18,3,0,0,682,10,120,0,NA,3,"G_11/13/2017 4:10:55 PM","11/15/2017 12:15:54 PM"
"683","Female",18,1,0,0,683,5,30,0,NA,1,"G_11/15/2017 12:38:05 PM","11/15/2017 12:40:15 PM"
"684","Male",18,1,1,1,684,15,135,0,NA,1,"G_11/15/2017 1:53:41 PM","11/15/2017 1:55:10 PM"
"685","Male",18,2,1,1,685,15,135,0,NA,2,"G_11/15/2017 1:53:41 PM","11/15/2017 1:55:19 PM"
"686","Male",19,2,0,0,686,5,45,0,NA,2,"G_11/15/2017 12:38:05 PM","11/15/2017 1:57:52 PM"
"687","Female",18,3,0,0,687,5,45,0,NA,3,"G_11/15/2017 12:38:05 PM","11/15/2017 2:34:43 PM"
"688","Male",19,1,1,1,688,15,120,0,NA,1,"G_11/15/2017 2:57:41 PM","11/15/2017 2:57:52 PM"
"689","Female",19,2,1,1,689,15,120,0,NA,2,"G_11/15/2017 2:57:41 PM","11/15/2017 2:58:00 PM"
"69","Male",18,1,1,1,69,15,180,0,NA,0,"G_2/9/2017 11:15:11 AM",NA
"690","Male",18,4,0,0,690,10,120,0,NA,4,"G_11/13/2017 4:10:55 PM","11/16/2017 10:01:08 AM"
"691","Male",19,4,0,0,691,5,45,0,NA,4,"G_11/15/2017 12:38:05 PM","11/16/2017 10:01:12 AM"
"692","Female",18,1,0,0,692,5,30,0,NA,1,"G_11/16/2017 10:01:08 AM","11/16/2017 10:03:26 AM"
"693","Female",20,1,1,1,693,15,135,0,NA,1,"G_11/17/2017 9:30:09 AM","11/17/2017 9:31:25 AM"
"694","Male",19,2,1,1,694,15,135,0,NA,2,"G_11/17/2017 9:30:09 AM","11/17/2017 9:31:21 AM"
"695","Male",21,2,0,0,695,10,120,0,NA,2,"G_11/16/2017 10:01:08 AM","11/17/2017 9:33:50 AM"
"696","Female",18,1,1,1,696,16,165,0,NA,1,"G_11/17/2017 10:30:57 AM","11/17/2017 10:33:27 AM"
"697","Female",18,2,1,1,697,15,150,0,NA,2,"G_11/17/2017 10:30:57 AM","11/17/2017 10:33:27 AM"
"698","Female",18,3,1,1,698,14,135,0,NA,3,"G_11/17/2017 10:30:57 AM","11/17/2017 10:33:20 AM"
"699","Female",19,4,1,1,699,15,150,0,NA,4,"G_11/17/2017 10:30:57 AM","11/17/2017 10:34:13 AM"
"70","Female",19,2,1,1,70,15,180,0,NA,0,"G_2/9/2017 11:15:11 AM",NA
"700","Female",19,1,1,1,700,15,700,460,NA,1,"G_11/17/2017 2:02:59 PM","11/17/2017 2:06:50 PM"
"701","Female",18,2,1,1,701,15,715,460,NA,2,"G_11/17/2017 2:02:59 PM","11/17/2017 2:06:40 PM"
"702","Male",18,3,1,1,702,15,715,460,NA,3,"G_11/17/2017 2:02:59 PM","11/17/2017 2:06:40 PM"
"703","Male",18,4,1,1,703,15,715,460,NA,4,"G_11/17/2017 2:02:59 PM","11/17/2017 2:06:34 PM"
"704","Female",18,3,0,0,704,10,120,0,NA,3,"G_11/16/2017 10:01:08 AM","11/29/2017 9:38:46 AM"
"705","Female",18,1,0,0,705,5,45,0,NA,1,"G_11/29/2017 9:37:31 AM","11/29/2017 9:38:53 AM"
"706","Male",19,1,0,0,706,10,105,0,NA,1,"G_11/29/2017 9:37:48 AM","11/29/2017 9:38:51 AM"
"707","Female",18,2,0,0,707,5,60,0,NA,2,"G_11/29/2017 9:37:31 AM","12/1/2017 9:38:47 AM"
"708","Female",20,2,0,0,708,10,135,0,NA,2,"G_11/29/2017 9:37:48 AM","12/1/2017 9:38:45 AM"
"709","Male",18,1,1,0,709,NA,NA,NA,NA,1,"G_12/1/2017 11:33:33 AM","12/1/2017 11:34:09 AM"
"71","Female",18,1,0,0,71,10,105,0,NA,1,"G_2/10/2017 12:17:24 PM",NA
"710","Male",18,1,0,0,710,5,75,0,NA,1,"G_12/1/2017 11:33:37 AM","12/1/2017 11:34:07 AM"
"711","Male",18,2,1,0,711,NA,NA,NA,NA,2,"G_12/1/2017 11:33:33 AM","12/1/2017 11:34:13 AM"
"712","Female",19,3,1,0,712,NA,NA,NA,NA,3,"G_12/1/2017 11:33:33 AM","12/1/2017 11:34:43 AM"
"713","Male",18,3,0,0,713,10,120,0,NA,3,"G_11/29/2017 9:37:31 AM","12/1/2017 11:46:54 AM"
"714","Male",18,3,0,0,714,15,360,150,NA,3,"G_11/29/2017 9:37:48 AM","12/1/2017 11:47:21 AM"
"715","Male",18,4,0,0,715,15,705,450,NA,4,"G_11/16/2017 10:01:08 AM","12/1/2017 11:47:49 AM"
"716","Female",19,1,0,0,716,5,45,0,NA,1,"G_12/1/2017 11:47:44 AM","12/1/2017 11:47:56 AM"
"717","Male",18,2,0,0,717,5,45,0,NA,2,"G_12/1/2017 11:47:44 AM","12/1/2017 12:36:30 PM"
"718","Male",19,1,1,1,718,15,135,0,NA,1,"G_12/1/2017 2:00:43 PM","12/1/2017 2:03:36 PM"
"719","Female",18,2,1,1,719,15,135,0,NA,2,"G_12/1/2017 2:00:43 PM","12/1/2017 2:03:24 PM"
"72","Male",19,1,1,1,72,15,715,460,NA,0,"G_2/10/2017 12:17:29 PM",NA
"720","Female",18,3,1,1,720,15,135,0,NA,3,"G_12/1/2017 2:00:43 PM","12/1/2017 2:03:35 PM"
"721","Female",18,4,1,1,721,15,135,0,NA,4,"G_12/1/2017 2:00:43 PM","12/1/2017 2:03:15 PM"
"722","Female",18,3,0,0,722,5,45,0,NA,3,"G_12/1/2017 11:47:44 AM","12/1/2017 2:50:56 PM"
"723","Female",20,4,0,0,723,10,135,0,NA,4,"G_11/29/2017 9:37:31 AM","12/1/2017 2:50:54 PM"
"724","Female",18,4,0,0,724,15,555,300,NA,4,"G_11/29/2017 9:37:48 AM","12/1/2017 2:50:59 PM"
"725","Female",20,4,0,0,725,15,305,50,NA,4,"G_12/1/2017 11:47:44 AM","12/1/2017 3:37:32 PM"
"726","Male",19,1,0,0,726,10,120,0,NA,1,"G_12/1/2017 3:37:06 PM","12/1/2017 3:37:14 PM"
"727","Female",18,1,0,0,727,5,30,0,NA,1,"G_12/1/2017 3:37:07 PM","12/1/2017 3:37:19 PM"
"728","Male",22,1,0,0,728,10,195,0,NA,1,"G_12/4/2017 12:23:41 PM","12/4/2017 12:31:40 PM"
"729","Female",18,1,0,0,729,5,30,0,NA,1,"G_12/4/2017 12:23:46 PM","12/4/2017 12:31:34 PM"
"730","Male",18,1,0,0,730,10,180,0,NA,1,"G_12/4/2017 12:28:58 PM","12/4/2017 12:31:34 PM"
"731","Female",19,1,0,0,731,15,685,460,NA,1,"G_12/4/2017 12:31:53 PM","12/4/2017 12:33:40 PM"
"732","Female",18,1,0,0,732,15,345,150,NA,1,"G_12/4/2017 12:59:57 PM","12/4/2017 1:02:32 PM"
"733","Male",19,1,0,0,733,10,135,0,NA,1,"G_12/4/2017 1:00:30 PM","12/4/2017 1:02:23 PM"
"734","Male",18,1,0,0,734,15,510,300,NA,1,"G_12/4/2017 1:09:21 PM","12/4/2017 1:12:29 PM"
"735","Female",18,1,0,0,735,5,45,0,NA,1,"G_12/4/2017 1:09:28 PM","12/4/2017 1:12:33 PM"
"736","Male",18,1,0,0,736,10,180,0,NA,1,"G_12/4/2017 1:29:20 PM","12/4/2017 1:29:45 PM"
"737","Male",19,1,0,0,737,15,345,150,NA,1,"G_12/4/2017 1:29:48 PM","12/4/2017 1:30:26 PM"
"738","Male",19,1,0,0,738,5,75,0,NA,1,"G_12/4/2017 2:00:17 PM","12/4/2017 2:04:48 PM"
"739","Female",19,1,0,0,739,15,330,150,NA,1,"G_12/4/2017 2:00:25 PM","12/4/2017 2:04:51 PM"
"74","Female",19,2,1,1,74,15,715,460,NA,0,"G_2/10/2017 12:17:29 PM",NA
"740","Male",21,1,0,0,740,10,120,0,NA,1,"G_12/4/2017 2:03:10 PM","12/4/2017 2:03:27 PM"
"741","Male",18,1,0,0,741,5,60,0,NA,1,"G_12/4/2017 2:03:23 PM","12/4/2017 2:04:40 PM"
"742","Male",21,1,0,0,742,10,120,0,NA,1,"G_12/4/2017 2:33:04 PM","12/4/2017 2:33:44 PM"
"743","Male",18,1,0,0,743,10,120,0,NA,1,"G_12/4/2017 2:34:35 PM","12/4/2017 2:35:55 PM"
"744","Male",18,1,0,0,744,5,45,0,NA,1,"G_12/4/2017 2:34:50 PM","12/4/2017 2:35:54 PM"
"745","Female",18,1,0,0,745,5,30,0,NA,1,"G_12/4/2017 2:35:04 PM","12/4/2017 2:35:58 PM"
"746","Female",18,1,0,0,746,10,120,0,NA,1,"G_12/4/2017 3:03:07 PM","12/4/2017 3:04:44 PM"
"747","Female",19,2,0,0,747,10,120,0,NA,2,"G_12/1/2017 3:37:06 PM","12/4/2017 4:09:54 PM"
"748","Male",19,2,0,0,748,5,30,0,NA,2,"G_12/1/2017 3:37:07 PM","12/4/2017 4:09:55 PM"
"749","Female",18,1,0,0,749,10,90,0,NA,1,"G_12/4/2017 4:09:17 PM","12/4/2017 4:10:02 PM"
"75","Female",20,1,0,0,75,5,45,0,NA,1,"G_2/10/2017 2:19:07 PM",NA
"750","Female",18,2,0,0,750,15,720,450,NA,2,"G_12/4/2017 4:09:17 PM","12/5/2017 9:12:00 AM"
"751","Female",18,3,0,0,751,10,120,0,NA,3,"G_12/1/2017 3:37:06 PM","12/5/2017 9:12:13 AM"
"752","Male",19,3,0,0,752,10,105,0,NA,3,"G_12/1/2017 3:37:07 PM","12/5/2017 9:12:02 AM"
"753","Female",20,3,0,0,753,20,1235,920,NA,3,"G_12/4/2017 4:09:17 PM","12/5/2017 12:44:45 PM"
"754","Male",19,4,0,0,754,10,120,0,NA,4,"G_12/1/2017 3:37:06 PM","12/5/2017 12:44:51 PM"
"755","Male",18,4,0,0,755,10,135,0,NA,4,"G_12/1/2017 3:37:07 PM","12/5/2017 12:44:07 PM"
"756","Female",19,0,0,0,756,15,730,460,NA,2,"G_12/4/2017 12:31:53 PM","12/6/2017 12:28:48 PM"
"757","Male",22,0,0,0,757,20,1250,920,NA,2,"G_12/4/2017 12:23:41 PM","12/6/2017 12:29:13 PM"
"758","Female",18,1,0,0,758,NA,45,0,NA,1,"G_12/6/2017 12:29:20 PM","12/6/2017 12:30:03 PM"
"759","Male",18,0,0,0,759,20,1223,908,NA,2,"G_12/4/2017 12:28:58 PM","12/6/2017 12:30:23 PM"
"76","Female",24,1,1,1,76,15,60,0,NA,0,"G_2/10/2017 2:19:05 PM",NA
"760","Female",18,0,0,0,760,5,45,0,NA,2,"G_12/4/2017 12:23:46 PM","12/6/2017 12:49:10 PM"
"761","Female",18,0,0,0,761,15,585,300,NA,2,"G_12/4/2017 12:59:57 PM","12/6/2017 12:58:38 PM"
"762","Male",21,0,0,0,762,15,345,150,NA,2,"G_12/4/2017 2:03:10 PM","12/6/2017 12:58:32 PM"
"763","Male",18,0,0,0,763,15,510,300,NA,2,"G_12/4/2017 1:09:21 PM","12/6/2017 1:05:14 PM"
"764","Female",19,1,0,0,764,5,30,0,NA,1,"G_12/6/2017 1:15:40 PM","12/6/2017 1:15:52 PM"
"765","Male",19,0,0,0,765,20,1235,920,NA,2,"G_12/4/2017 1:29:48 PM","12/6/2017 1:26:47 PM"
"766","Female",18,0,0,0,766,15,585,300,NA,2,"G_12/4/2017 3:03:07 PM","12/6/2017 1:27:51 PM"
"767","Male",19,0,0,0,767,10,135,0,NA,2,"G_12/4/2017 1:00:30 PM","12/6/2017 1:32:55 PM"
"768","Male",18,0,0,0,768,15,730,460,NA,2,"G_12/4/2017 1:29:20 PM","12/6/2017 1:44:19 PM"
"769","Male",19,0,0,0,769,5,75,0,NA,2,"G_12/4/2017 2:00:17 PM","12/6/2017 1:57:38 PM"
"770","Male",18,0,0,0,770,20,1250,920,NA,2,"G_12/4/2017 2:34:35 PM","12/6/2017 2:00:06 PM"
"771","Female",19,0,0,0,771,15,510,300,NA,2,"G_12/4/2017 2:00:25 PM","12/6/2017 2:02:10 PM"
"772","Male",18,0,0,0,772,5,60,0,NA,2,"G_12/4/2017 2:03:23 PM","12/6/2017 2:10:45 PM"
"773","Female",18,0,0,0,773,5,45,0,NA,2,"G_12/4/2017 2:35:04 PM","12/6/2017 2:27:11 PM"
"774","Female",18,0,0,0,774,10,225,0,NA,2,"G_12/4/2017 1:09:28 PM","12/6/2017 2:29:15 PM"
"775","Male",18,0,0,0,775,5,45,0,NA,2,"G_12/4/2017 2:34:50 PM","12/6/2017 2:29:31 PM"
"776","Male",21,0,0,0,776,20,1238,908,NA,2,"G_12/4/2017 2:33:04 PM","12/6/2017 2:37:50 PM"
"777","Male",19,1,1,1,777,15,135,0,NA,1,"G_12/6/2017 3:13:49 PM","12/6/2017 3:15:55 PM"
"778","Female",18,2,1,1,778,15,135,0,NA,2,"G_12/6/2017 3:13:49 PM","12/6/2017 3:15:58 PM"
"779","Male",19,4,0,0,779,20,1235,920,NA,4,"G_12/4/2017 4:09:17 PM","12/6/2017 3:16:05 PM"
"78","Male",18,2,1,1,78,15,60,0,NA,0,"G_2/10/2017 2:19:05 PM",NA
"780","Female",23,1,0,0,780,10,120,0,NA,1,"G_12/6/2017 3:14:32 PM","12/6/2017 3:16:38 PM"
"781","Female",18,1,1,1,781,15,390,150,NA,1,"G_12/6/2017 4:13:49 PM","12/6/2017 4:15:52 PM"
"782","Male",19,2,1,1,782,15,405,150,NA,2,"G_12/6/2017 4:13:49 PM","12/6/2017 4:16:11 PM"
"783","Female",19,3,1,1,783,15,375,150,NA,3,"G_12/6/2017 4:13:49 PM","12/6/2017 4:16:17 PM"
"784","Male",18,4,1,1,784,15,375,150,NA,4,"G_12/6/2017 4:13:49 PM","12/6/2017 4:16:25 PM"
"785","Female",19,1,1,1,785,16,1729,1339,NA,1,"G_12/7/2017 9:06:42 AM","12/7/2017 9:08:44 AM"
"786","Female",18,2,1,1,786,16,1729,1339,NA,2,"G_12/7/2017 9:06:42 AM","12/7/2017 9:08:39 AM"
"787","Male",18,3,1,1,787,16,1714,1339,NA,3,"G_12/7/2017 9:06:42 AM","12/7/2017 9:08:41 AM"
"788","Male",18,4,1,1,788,11,956,656,NA,4,"G_12/7/2017 9:06:42 AM","12/7/2017 9:08:34 AM"
"789","Female",18,2,0,0,789,10,120,0,NA,2,"G_12/6/2017 3:14:32 PM","12/7/2017 10:11:44 AM"
"79","Female",20,1,1,1,79,15,135,0,NA,0,"G_2/10/2017 3:11:25 PM",NA
"790","Female",18,1,0,0,790,10,120,0,NA,1,"G_12/7/2017 10:10:33 AM","12/7/2017 10:11:36 AM"
"791","Male",19,1,0,0,791,10,105,0,NA,1,"G_12/7/2017 10:13:45 AM","12/7/2017 10:14:34 AM"
"792","Female",18,1,1,1,792,16,375,150,NA,1,"G_12/7/2017 12:22:28 PM","12/7/2017 12:24:28 PM"
"793","Female",19,2,1,1,793,20,528,288,NA,2,"G_12/7/2017 12:22:28 PM","12/7/2017 12:24:29 PM"
"794","Male",19,3,1,1,794,8,120,0,NA,3,"G_12/7/2017 12:22:28 PM","12/7/2017 12:24:31 PM"
"795","Female",19,4,1,1,795,16,375,150,NA,4,"G_12/7/2017 12:22:28 PM","12/7/2017 12:24:23 PM"
"796","Female",19,1,1,1,796,12,45,0,NA,1,"G_12/7/2017 2:23:08 PM","12/7/2017 2:25:59 PM"
"797","Female",18,2,1,1,797,16,75,0,NA,2,"G_12/7/2017 2:23:08 PM","12/7/2017 2:25:57 PM"
"798","Male",19,3,1,1,798,16,75,0,NA,3,"G_12/7/2017 2:23:08 PM","12/7/2017 2:26:10 PM"
"799","Female",19,4,1,1,799,16,75,0,NA,4,"G_12/7/2017 2:23:08 PM","12/7/2017 2:25:59 PM"
"80","Male",18,2,1,1,80,15,135,0,NA,0,"G_2/10/2017 3:11:25 PM",NA
"800","Male",22,0,0,0,800,20,1250,920,NA,3,"G_12/4/2017 12:23:41 PM","12/8/2017 12:13:04 PM"
"801","Female",18,0,0,0,801,20,1149,819,NA,3,"G_12/4/2017 12:23:46 PM","12/8/2017 12:14:22 PM"
"802","Female",18,0,0,0,802,5,45,0,NA,3,"G_12/4/2017 2:35:04 PM","12/8/2017 12:25:04 PM"
"803","Female",18,0,0,0,803,25,1759,1339,NA,3,"G_12/4/2017 12:59:57 PM","12/8/2017 12:56:39 PM"
"804","Female",19,0,0,0,804,15,510,300,NA,3,"G_12/4/2017 2:00:25 PM","12/8/2017 1:02:07 PM"
"805","Male",18,0,0,0,805,15,510,300,NA,3,"G_12/4/2017 1:09:21 PM","12/8/2017 1:05:15 PM"
"806","Male",19,0,0,0,806,20,1223,908,NA,3,"G_12/4/2017 1:29:48 PM","12/8/2017 1:26:19 PM"
"807","Male",18,0,0,0,807,20,1250,920,NA,3,"G_12/4/2017 1:29:20 PM","12/8/2017 1:29:58 PM"
"808","Female",19,0,0,0,808,10,135,0,NA,2,"G_12/6/2017 1:15:40 PM","12/8/2017 1:35:30 PM"
"809","Male",21,0,0,0,809,20,1238,908,NA,3,"G_12/4/2017 2:33:04 PM","12/8/2017 1:52:47 PM"
"81","Female",19,1,0,0,81,5,15,0,NA,1,"G_2/10/2017 3:14:36 PM",NA
"810","Male",19,0,0,0,810,5,75,0,NA,3,"G_12/4/2017 2:00:17 PM","12/8/2017 2:05:06 PM"
"811","Male",18,0,0,0,811,5,75,0,NA,3,"G_12/4/2017 2:03:23 PM","12/8/2017 2:07:17 PM"
"812","Female",18,0,0,0,812,20,986,656,NA,3,"G_12/4/2017 1:09:28 PM","12/8/2017 2:26:48 PM"
"813","Male",18,0,0,0,813,5,45,0,NA,3,"G_12/4/2017 2:34:50 PM","12/8/2017 2:27:34 PM"
"814","Male",18,0,0,0,814,20,1235,920,NA,3,"G_12/4/2017 12:28:58 PM","12/8/2017 2:32:19 PM"
"815","Female",19,0,0,0,815,15,730,460,NA,3,"G_12/4/2017 12:31:53 PM","12/8/2017 2:34:57 PM"
"816","Female",18,0,0,0,816,20,1250,920,NA,4,"G_12/4/2017 12:23:46 PM","12/11/2017 12:21:51 PM"
"817","Male",22,0,0,0,817,20,1250,920,NA,4,"G_12/4/2017 12:23:41 PM","12/11/2017 12:26:38 PM"
"818","Male",18,0,0,0,818,20,1235,920,NA,4,"G_12/4/2017 12:28:58 PM","12/11/2017 12:26:43 PM"
"819","Female",19,0,0,0,819,15,730,460,NA,4,"G_12/4/2017 12:31:53 PM","12/11/2017 12:27:15 PM"
"820","Female",18,0,0,0,820,25,3642,3042,NA,4,"G_12/4/2017 12:59:57 PM","12/11/2017 12:54:28 PM"
"821","Female",18,0,0,0,821,20,1250,920,NA,3,"G_12/4/2017 3:03:07 PM","12/11/2017 12:54:58 PM"
"822","Female",19,0,0,0,822,15,510,300,NA,4,"G_12/4/2017 2:00:25 PM","12/11/2017 12:59:52 PM"
"823","Female",19,0,0,0,823,10,135,0,NA,3,"G_12/6/2017 1:15:40 PM","12/11/2017 1:01:45 PM"
"824","Male",18,0,0,0,824,15,510,300,NA,4,"G_12/4/2017 1:09:21 PM","12/11/2017 1:21:34 PM"
"825","Male",19,0,0,0,825,20,1238,908,NA,4,"G_12/4/2017 1:29:48 PM","12/11/2017 1:24:35 PM"
"826","Male",18,0,0,0,826,20,1250,920,NA,4,"G_12/4/2017 1:29:20 PM","12/11/2017 1:33:00 PM"
"827","Female",18,0,0,0,827,25,1729,1339,NA,4,"G_12/4/2017 1:09:28 PM","12/11/2017 1:59:38 PM"
"828","Male",18,0,0,0,828,20,1250,920,NA,3,"G_12/4/2017 2:34:35 PM","12/11/2017 1:59:54 PM"
"829","Male",19,0,0,0,829,5,75,0,NA,4,"G_12/4/2017 2:00:17 PM","12/11/2017 2:03:22 PM"
"83","Female",19,1,0,0,83,15,375,150,NA,0,"G_2/14/2017 12:11:23 PM",NA
"830","Female",18,0,0,0,830,10,135,0,NA,4,"G_12/4/2017 2:35:04 PM","12/11/2017 2:19:52 PM"
"831","Male",21,0,0,0,831,20,1238,908,NA,4,"G_12/4/2017 2:33:04 PM","12/11/2017 2:28:23 PM"
"832","Male",18,0,0,0,832,15,360,150,NA,4,"G_12/4/2017 2:34:50 PM","12/11/2017 2:28:47 PM"
"833","Male",19,2,0,0,833,10,120,0,NA,2,"G_12/7/2017 10:10:33 AM","12/12/2017 12:28:13 PM"
"834","Female",19,2,0,0,834,10,105,0,NA,2,"G_12/7/2017 10:13:45 AM","12/12/2017 12:28:16 PM"
"835","Female",18,1,1,1,835,15,375,150,NA,1,"G_12/12/2017 1:09:48 PM","12/12/2017 1:12:32 PM"
"836","Male",19,2,1,1,836,15,360,150,NA,2,"G_12/12/2017 1:09:48 PM","12/12/2017 1:12:28 PM"
"837","Male",18,3,1,1,837,15,345,150,NA,3,"G_12/12/2017 1:09:48 PM","12/12/2017 1:12:30 PM"
"838","Male",20,4,1,1,838,15,360,150,NA,4,"G_12/12/2017 1:09:48 PM","12/12/2017 1:12:28 PM"
"839","Female",18,0,0,0,839,20,1250,920,NA,4,"G_12/4/2017 3:03:07 PM","12/13/2017 10:35:24 AM"
"84","Female",18,1,0,0,84,5,30,0,NA,0,"G_2/14/2017 12:11:42 PM",NA
"840","Female",19,0,0,0,840,10,135,0,NA,4,"G_12/6/2017 1:15:40 PM","12/13/2017 1:04:52 PM"
"841","Female",80,1,0,0,841,NA,NA,NA,NA,1,"G_9/10/2018 9:54:37 AM","9/10/2018 9:54:42 AM"
"842","Male",19,1,0,0,842,5,NA,NA,NA,1,"G_9/14/2018 2:23:20 PM","9/14/2018 2:23:32 PM"
"846","Male",18,0,0,0,846,20,1220,920,NA,5,"G_10/2/2017 12:29:27 PM","9/14/2018 2:35:59 PM"
"85","Female",18,1,0,0,85,10,120,0,NA,0,"G_2/14/2017 12:26:42 PM",NA
"850","Male",19,0,0,0,850,10,135,0,NA,5,"G_10/9/2017 12:28:01 PM","9/14/2018 3:21:14 PM"
"851","Male",18,0,0,0,851,10,135,0,NA,5,"G_10/2/2017 1:29:49 PM","9/14/2018 3:19:49 PM"
"852","Female",18,0,0,0,852,20,1250,920,NA,5,"G_10/2/2017 2:01:14 PM","9/14/2018 3:21:41 PM"
"853","Male",23,0,0,0,853,20,1084,754,NA,5,"G_10/2/2017 1:29:16 PM","9/14/2018 3:19:47 PM"
"854","Female",18,1,0,0,854,5,30,0,NA,1,"G_9/17/2018 12:00:57 PM","9/17/2018 12:02:20 PM"
"855","Female",18,1,0,0,855,10,90,0,NA,1,"G_9/17/2018 12:01:04 PM","9/17/2018 12:02:25 PM"
"856","Female",18,1,0,0,856,10,120,0,NA,1,"G_9/17/2018 12:01:21 PM","9/17/2018 12:02:25 PM"
"857","Male",18,1,0,0,857,10,120,0,NA,1,"G_9/17/2018 12:01:28 PM","9/17/2018 12:03:07 PM"
"86","Female",18,1,0,0,86,10,120,0,NA,1,"G_2/14/2017 1:24:14 PM",NA
"860","Male",18,0,0,0,860,15,375,150,NA,5,"G_10/9/2017 12:28:08 PM","9/17/2018 4:25:12 PM"
"861","Female",18,0,0,0,861,10,135,0,NA,5,"G_10/9/2017 1:06:42 PM","9/17/2018 4:30:04 PM"
"862","Male",18,1,0,0,862,5,60,0,NA,1,"G_9/18/2018 11:03:34 AM","9/18/2018 11:03:38 AM"
"863","Male",19,0,0,0,863,10,105,0,NA,2,"G_9/18/2018 11:03:34 AM","9/18/2018 11:06:40 AM"
"864","Male",18,0,0,0,864,10,120,0,NA,3,"G_9/18/2018 11:03:34 AM","9/18/2018 11:21:11 AM"
"865","Male",18,0,0,0,865,10,150,0,NA,4,"G_9/18/2018 11:03:34 AM","9/18/2018 11:25:57 AM"
"866","Male",19,0,0,0,866,15,245,50,NA,5,"G_9/18/2018 11:03:34 AM","9/18/2018 11:29:22 AM"
"867","Male",18,0,0,0,867,5,15,0,NA,6,"G_9/18/2018 11:03:34 AM","9/18/2018 11:32:03 AM"
"870","Male",18,1,0,0,870,15,360,150,NA,1,"G_9/18/2018 12:22:03 PM","9/18/2018 12:25:01 PM"
"871","Female",18,1,0,0,871,5,75,0,NA,1,"G_9/18/2018 12:22:17 PM","9/18/2018 12:24:57 PM"
"872","Female",18,1,0,0,872,5,45,0,NA,1,"G_9/18/2018 12:22:21 PM","9/18/2018 12:25:11 PM"
"873","Female",20,1,0,0,873,10,105,0,NA,1,"G_9/18/2018 12:29:06 PM","9/18/2018 12:33:55 PM"
"874","Male",18,1,0,0,874,10,120,0,NA,1,"G_9/18/2018 4:03:35 PM","9/18/2018 4:11:12 PM"
"875","Female",20,1,0,0,875,10,105,0,NA,1,"G_9/18/2018 4:13:26 PM","9/18/2018 4:17:13 PM"
"876","Male",18,1,0,0,876,5,45,0,NA,1,"G_9/18/2018 4:13:35 PM","9/18/2018 4:17:06 PM"
"877","Male",19,1,0,0,877,10,105,0,NA,1,"G_9/18/2018 4:13:41 PM","9/18/2018 4:16:59 PM"
"878","Male",18,1,0,0,878,15,685,460,NA,1,"G_9/19/2018 11:11:35 AM","9/19/2018 11:13:31 AM"
"879","Male",18,1,0,0,879,10,90,0,NA,1,"G_9/19/2018 11:11:39 AM","9/19/2018 11:14:58 AM"
"88","Female",19,1,0,0,88,10,90,0,NA,1,"G_2/14/2017 1:28:03 PM",NA
"880","Female",18,1,0,0,880,5,45,0,NA,1,"G_9/19/2018 11:11:46 AM","9/19/2018 11:15:04 AM"
"881","Male",18,1,0,0,881,10,135,0,NA,1,"G_9/19/2018 11:16:10 AM","9/19/2018 11:17:26 AM"
"882","Female",19,1,0,0,882,10,90,0,NA,1,"G_9/19/2018 11:58:40 AM","9/19/2018 12:07:19 PM"
"883","Female",18,1,0,0,883,5,60,0,NA,1,"G_9/19/2018 12:01:20 PM","9/19/2018 12:07:18 PM"
"884","Male",19,1,0,0,884,5,30,0,NA,1,"G_9/19/2018 12:06:29 PM","9/19/2018 12:09:04 PM"
"885","Female",18,1,0,0,885,10,120,0,NA,1,"G_9/19/2018 12:06:34 PM","9/19/2018 12:07:34 PM"
"886","Male",18,0,0,0,886,5,45,0,NA,7,"G_9/18/2018 11:03:34 AM","9/20/2018 9:04:55 AM"
"887","Male",18,1,0,0,887,5,30,0,NA,1,"G_9/20/2018 9:42:50 AM","9/20/2018 9:42:53 AM"
"888","Female",19,1,0,0,888,10,120,0,NA,1,"G_9/21/2018 3:07:59 PM","9/21/2018 3:08:03 PM"
"889","Male",18,1,0,0,889,15,705,450,NA,1,"G_9/21/2018 3:44:16 PM","9/21/2018 3:49:57 PM"
"890","Male",19,1,0,0,890,10,135,0,NA,1,"G_9/21/2018 3:44:33 PM","9/21/2018 3:50:24 PM"
"891","Female",18,1,0,0,891,10,120,0,NA,1,"G_9/21/2018 3:44:41 PM","9/21/2018 3:49:59 PM"
"892","Male",18,1,0,0,892,10,120,0,NA,1,"G_9/21/2018 3:44:55 PM","9/21/2018 3:50:00 PM"
"893","Male",18,0,0,0,893,NA,45,0,NA,2,"G_9/17/2018 12:00:57 PM","9/25/2018 4:18:30 PM"
"894","Male",18,0,0,0,894,5,75,0,NA,2,"G_9/17/2018 12:01:04 PM","9/25/2018 4:18:25 PM"
"895","Female",18,0,0,0,895,10,135,0,NA,2,"G_9/17/2018 12:01:21 PM","9/25/2018 4:18:17 PM"
"90","Female",18,1,0,0,90,5,30,0,NA,1,"G_2/15/2017 1:14:54 PM",NA
"92","Male",19,1,0,0,92,15,280,100,NA,1,"G_2/15/2017 1:20:00 PM",NA
"95","Female",18,1,0,0,95,5,75,0,NA,1,"G_2/16/2017 2:15:13 PM",NA
"97","Male",25,1,0,0,97,15,540,300,NA,1,"G_2/16/2017 3:10:02 PM",NA
"98","Male",18,2,0,0,98,15,760,460,NA,2,"G_2/16/2017 3:10:02 PM",NA
"99","Female",18,1,1,1,99,15,720,450,NA,0,"G_2/20/2017 10:51:56 AM",NA
